date,ticker,put_volume,call_volume,put_call_ratio,pc_20d_avg,pc_z_score
2024-02-14,LPLA,30,71,0.4225,,0.0
2024-02-15,LPLA,7,24,0.2917,,0.0
2024-02-16,LPLA,2,3733,0.0005,,0.0
2024-02-20,LPLA,9,14,0.6429,,0.0
2024-02-21,LPLA,18,12,1.5,,0.0
2024-02-22,LPLA,9,29,0.3103,,0.0
2024-02-23,LPLA,28,25,1.12,,0.0
2024-02-26,LPLA,13,60,0.2167,,0.0
2024-02-27,LPLA,493,38,12.9737,,0.0
2024-02-28,LPLA,32,21,1.5238,1.9002,-0.0958
2024-02-29,LPLA,10,7,1.4286,1.8573,-0.115
2024-03-01,LPLA,113,10,11.3,2.6442,1.932
2024-03-04,LPLA,74,31,2.3871,2.6244,-0.0553
2024-03-05,LPLA,32,73,0.4384,2.4683,-0.4876
2024-03-06,LPLA,118,46,2.5652,2.4748,0.0225
2024-03-07,LPLA,59,5,11.8,3.0576,1.933
2024-03-08,LPLA,23,179,0.1285,2.8853,-0.6214
2024-03-11,LPLA,18,162,0.1111,2.7312,-0.6019
2024-03-12,LPLA,5,36,0.1389,2.5947,-0.5748
2024-03-13,LPLA,24,1,24.0,3.665,3.2072
2024-03-14,LPLA,9,14,0.6429,3.676,-0.4788
2024-03-15,LPLA,52,33,1.5758,3.7402,-0.3433
2024-03-18,LPLA,2,2118,0.0009,3.7402,-0.5931
2024-03-19,LPLA,106,8,13.25,4.3706,1.3449
2024-03-20,LPLA,0,54,0.0,4.2956,-0.6464
2024-03-21,LPLA,15,8,1.875,4.3738,-0.3783
2024-03-22,LPLA,30,63,0.4762,4.3416,-0.5836
2024-03-25,LPLA,37,14,2.6429,4.463,-0.2772
2024-03-26,LPLA,23,13,1.7692,3.9027,-0.3401
2024-03-27,LPLA,36,4,9.0,4.2765,0.7444
2024-03-28,LPLA,5,15,0.3333,4.2218,-0.6099
2024-04-01,LPLA,4,9,0.4444,3.679,-0.5216
2024-04-02,LPLA,37,9,4.1111,3.7652,0.0558
2024-04-03,LPLA,4,6,0.6667,3.7766,-0.5026
2024-04-04,LPLA,190,120,1.5833,3.7275,-0.3457
2024-04-05,LPLA,7,27,0.2593,3.1505,-0.4865
2024-04-08,LPLA,3,8,0.375,3.1628,-0.4696
2024-04-09,LPLA,12,11,1.0909,3.2118,-0.3586
2024-04-10,LPLA,50,13,3.8462,3.3972,0.0765
2024-04-11,LPLA,6,20,0.3,2.2122,-0.5726
2024-04-12,LPLA,19,34,0.5588,2.208,-0.4935
2024-04-15,LPLA,74,30,2.4667,2.2525,0.0642
2024-04-16,LPLA,29,55,0.5273,2.2788,-0.5272
2024-04-17,LPLA,64,332,0.1928,1.626,-0.6771
2024-04-18,LPLA,79,25,3.16,1.784,0.6531
2024-04-19,LPLA,114,293,0.3891,1.7097,-0.6201
2024-04-22,LPLA,8,344,0.0233,1.687,-0.7753
2024-04-23,LPLA,52,14,3.7143,1.7406,0.9037
2024-04-24,LPLA,19,17,1.1176,1.708,-0.2698
2024-04-25,LPLA,89,118,0.7542,1.2957,-0.3971
2024-04-26,LPLA,24,123,0.1951,1.2888,-0.7989
2024-04-29,LPLA,9,48,0.1875,1.276,-0.7896
2024-04-30,LPLA,331,106,3.1226,1.2265,1.4742
2024-05-01,LPLA,585,622,0.9405,1.2402,-0.2339
2024-05-02,LPLA,18,1320,0.0136,1.1617,-0.8784
2024-05-03,LPLA,126,348,0.3621,1.1669,-0.6174
2024-05-06,LPLA,16,172,0.093,1.1528,-0.8065
2024-05-07,LPLA,74,63,1.1746,1.157,0.0134
2024-05-08,LPLA,4,1,4.0,1.1647,2.1304
2024-05-09,LPLA,2,26,0.0769,1.1535,-0.8038
2024-05-10,LPLA,6,41,0.1463,1.1329,-0.7296
2024-05-13,LPLA,12,10,1.2,1.0695,0.0992
2024-05-14,LPLA,10,16,0.625,1.0744,-0.3421
2024-05-15,LPLA,13,23,0.5652,1.093,-0.405
2024-05-16,LPLA,5,4,1.25,0.9975,0.2086
2024-05-17,LPLA,10,208,0.0481,0.9805,-0.7632
2024-05-20,LPLA,5,44,0.1136,0.985,-0.7154
2024-05-21,LPLA,22,10,2.2,0.9093,1.1966
2024-05-22,LPLA,4,124,0.0323,0.855,-0.7515
2024-05-23,LPLA,6,746,0.008,0.8177,-0.7288
2024-05-24,LPLA,6,17,0.3529,0.8256,-0.4271
2024-05-28,LPLA,50,25,2.0,0.9162,0.9626
2024-05-29,LPLA,1,33,0.0303,0.7616,-0.7214
2024-05-30,LPLA,22,12,1.8333,0.8063,0.9863
2024-05-31,LPLA,52,517,0.1006,0.8106,-0.684
2024-06-03,LPLA,19,24,0.7917,0.8321,-0.0391
2024-06-04,LPLA,4,13,0.3077,0.8428,-0.5217
2024-06-05,LPLA,22,13,1.6923,0.8687,0.7913
2024-06-06,LPLA,24,32,0.75,0.7062,0.0596
2024-06-07,LPLA,550,5,110.0,6.2024,4.2467
2024-06-10,LPLA,52,65,0.8,6.235,-0.2224
2024-06-11,LPLA,2,43,0.0465,6.1774,-0.2508
2024-06-12,LPLA,46,46,1.0,6.1961,-0.2126
2024-06-13,LPLA,2,44,0.0455,6.1701,-0.2505
2024-06-14,LPLA,4,5,0.8,6.1476,-0.2187
2024-06-17,LPLA,4,18,0.2222,6.1563,-0.2427
2024-06-18,LPLA,0,19,0.0,6.1507,-0.2515
2024-06-20,LPLA,95,312,0.3045,6.0559,-0.235
2024-06-21,LPLA,58,333,0.1742,6.063,-0.2406
2024-06-24,LPLA,710,20,35.5,7.8376,1.0941
2024-06-25,LPLA,0,20,0.0,7.8199,-0.3092
2024-06-26,LPLA,267,4,66.75,11.0574,1.9574
2024-06-27,LPLA,0,12,0.0,11.0559,-0.3886
2024-06-28,LPLA,3,44,0.0682,10.9677,-0.3826
2024-07-01,LPLA,6,24,0.25,10.9751,-0.3766
2024-07-03,LPLA,4,2055,0.0019,10.9356,-0.3837
2024-07-05,LPLA,0,25,0.0,10.9203,-0.3831
2024-07-08,LPLA,10,50,0.2,10.8457,-0.3731
2024-07-09,LPLA,5,51,0.098,10.813,-0.3754
2024-07-10,LPLA,0,6,0.0,5.3131,-0.3226
2024-07-11,LPLA,6,39,0.1538,5.2807,-0.3111
2024-07-12,LPLA,17,14,1.2143,5.3391,-0.2506
2024-07-15,LPLA,949,21,45.1905,7.5487,2.0165
2024-07-16,LPLA,1355,598,2.2659,7.6597,-0.2896
2024-07-17,LPLA,1256,450,2.7911,7.7592,-0.2672
2024-07-18,LPLA,2153,873,2.4662,7.8714,-0.2913
2024-07-19,LPLA,1022,1428,0.7157,7.9072,-0.388
2024-07-22,LPLA,487,667,0.7301,7.9285,-0.3885
2024-07-23,LPLA,494,1430,0.3455,7.9371,-0.4098
2024-07-24,LPLA,957,849,1.1272,6.2184,-0.2927
2024-07-25,LPLA,710,936,0.7585,6.2563,-0.3163
2024-07-26,LPLA,787,797,0.9875,2.9682,-0.1986
2024-07-29,LPLA,1582,310,5.1032,3.2234,0.1887
2024-07-30,LPLA,523,200,2.615,3.3507,-0.0741
2024-07-31,LPLA,299,51,5.8627,3.6314,0.2249
2024-08-01,LPLA,252,98,2.5714,3.7598,-0.1202
2024-08-02,LPLA,1679,514,3.2665,3.9232,-0.0667
2024-08-05,LPLA,1028,271,3.7934,4.1028,-0.0315
2024-08-06,LPLA,173,77,2.2468,4.2103,-0.2008
2024-08-07,LPLA,4334,64,67.7188,7.5962,3.5013
2024-08-08,LPLA,26,74,0.3514,7.6061,-0.4226
2024-08-09,LPLA,1703,156,10.9167,8.0912,0.1651
2024-08-12,LPLA,1035,2908,0.3559,5.8495,-0.3718
2024-08-13,LPLA,1028,681,1.5095,5.8117,-0.291
2024-08-14,LPLA,397,714,0.556,5.6999,-0.3471
2024-08-15,LPLA,1126,271,4.155,5.7843,-0.1101
2024-08-16,LPLA,205,277,0.7401,5.7856,-0.3408
2024-08-19,LPLA,228,205,1.1122,5.8047,-0.3171
2024-08-20,LPLA,489,425,1.1506,5.8449,-0.3176
2024-08-21,LPLA,48,1048,0.0458,5.7909,-0.3881
2024-08-22,LPLA,1447,133,10.8797,6.2969,0.3098
2024-08-23,LPLA,199,139,1.4317,6.3191,-0.3305
2024-08-26,LPLA,3190,75,42.5333,8.1906,2.0383
2024-08-27,LPLA,20,49,0.4082,8.0803,-0.4541
2024-08-28,LPLA,163,207,0.7874,7.8265,-0.4149
2024-08-29,LPLA,70,206,0.3398,7.7149,-0.4335
2024-08-30,LPLA,24,105,0.2286,7.563,-0.4298
2024-09-03,LPLA,46,55,0.8364,7.4152,-0.3844
2024-09-04,LPLA,472,1649,0.2862,7.3172,-0.41
2024-09-05,LPLA,177,53,3.3396,4.0982,-0.0791
2024-09-06,LPLA,81,154,0.526,4.1069,-0.3734
2024-09-09,LPLA,209,49,4.2653,3.7744,0.0519
2024-09-10,LPLA,18,50,0.36,3.7746,-0.3611
2024-09-11,LPLA,215,25,8.6,4.1291,0.4706
2024-09-12,LPLA,558,32,17.4375,4.9732,1.2582
2024-09-13,LPLA,16,47,0.3404,4.7824,-0.446
2024-09-16,LPLA,477,50,9.54,5.2224,0.4332
2024-09-17,LPLA,722,263,2.7452,5.3041,-0.2575
2024-09-18,LPLA,56,58,0.9655,5.2948,-0.4355
2024-09-19,LPLA,408,164,2.4878,5.4169,-0.2962
2024-09-20,LPLA,67,29,2.3103,4.9885,-0.2726
2024-09-23,LPLA,214,80,2.675,5.0506,-0.2423
2024-09-24,LPLA,40,8,5.0,3.174,0.4247
2024-09-25,LPLA,95,816,0.1164,3.1594,-0.706
2024-09-26,LPLA,56,135,0.4148,3.1407,-0.6307
2024-09-27,LPLA,204,3315,0.0615,3.1268,-0.7076
2024-09-30,LPLA,90,255,0.3529,3.133,-0.6424
2024-10-01,LPLA,64,87,0.7356,3.128,-0.5525
2024-10-02,LPLA,1528,414,3.6908,3.2982,0.0917
2024-10-03,LPLA,77,205,0.3756,3.15,-0.6409
2024-10-04,LPLA,48,3778,0.0127,3.1244,-0.7158
2024-10-07,LPLA,62,56,1.1071,2.9665,-0.4264
2024-10-08,LPLA,58,29,2.0,3.0485,-0.2425
2024-10-09,LPLA,119,153,0.7778,2.6573,-0.4534
2024-10-10,LPLA,282,1501,0.1879,1.7949,-0.7028
2024-10-11,LPLA,307,531,0.5782,1.8068,-0.5391
2024-10-14,LPLA,95,1559,0.0609,1.3328,-0.906
2024-10-15,LPLA,489,45,10.8667,1.7389,3.5868
2024-10-16,LPLA,102,957,0.1066,1.6959,-0.6194
2024-10-17,LPLA,106,61,1.7377,1.6584,0.031
2024-10-18,LPLA,90,231,0.3896,1.5624,-0.4565
2024-10-21,LPLA,748,816,0.9167,1.4745,-0.218
2024-10-22,LPLA,149,214,0.6963,1.2593,-0.2322
2024-10-23,LPLA,88,59,1.4915,1.328,0.0678
2024-10-24,LPLA,176,89,1.9775,1.4062,0.2376
2024-10-25,LPLA,175,2129,0.0822,1.4072,-0.5513
2024-10-28,LPLA,37,114,0.3246,1.4058,-0.4497
2024-10-29,LPLA,100,252,0.3968,1.3889,-0.4116
2024-10-30,LPLA,277,127,2.1811,1.3134,0.3681
2024-10-31,LPLA,265,3796,0.0698,1.2981,-0.5194
2024-11-01,LPLA,81,2692,0.0301,1.299,-0.5367
2024-11-04,LPLA,113,880,0.1284,1.25,-0.4715
2024-11-05,LPLA,94,2559,0.0367,1.1519,-0.4673
2024-11-06,LPLA,146,425,0.3435,1.1301,-0.3288
2024-11-07,LPLA,154,1200,0.1283,1.1272,-0.4174
2024-11-08,LPLA,496,321,1.5452,1.1755,0.1546
2024-11-11,LPLA,217,591,0.3672,1.1908,-0.3453
2024-11-12,LPLA,445,654,0.6804,0.6815,-0.0016
2024-11-13,LPLA,133,160,0.8312,0.7177,0.1632
2024-11-14,LPLA,33,103,0.3204,0.6469,-0.4968
2024-11-15,LPLA,136,179,0.7598,0.6654,0.1442
2024-11-18,LPLA,14,29,0.4828,0.6437,-0.2463
2024-11-19,LPLA,30,65,0.4615,0.632,-0.2606
2024-11-20,LPLA,30,54,0.5556,0.5852,-0.0476
2024-11-21,LPLA,36,75,0.48,0.5103,-0.0573
2024-11-22,LPLA,4,156,0.0256,0.5075,-0.9065
2024-11-25,LPLA,40,1947,0.0205,0.4922,-0.8713
2024-11-26,LPLA,75,62,1.2097,0.5329,1.2002
2024-11-27,LPLA,126,71,1.7746,0.5126,2.4956
2024-11-29,LPLA,5,24,0.2083,0.5195,-0.6221
2024-12-02,LPLA,30,7,4.2857,0.7323,3.6719
2024-12-03,LPLA,10,27,0.3704,0.7444,-0.3891
2024-12-04,LPLA,9,122,0.0738,0.7462,-0.7005
2024-12-05,LPLA,82,35,2.3429,0.8462,1.4701
2024-12-06,LPLA,17,25,0.68,0.8738,-0.1928
2024-12-09,LPLA,87,32,2.7188,0.9325,1.6572
2024-12-10,LPLA,17,146,0.1164,0.9199,-0.7397
2024-12-11,LPLA,7,59,0.1186,0.8918,-0.703
2024-12-12,LPLA,30,16,1.875,0.944,0.8302
2024-12-13,LPLA,1,19,0.0526,0.9306,-0.7764
2024-12-16,LPLA,30,28,1.0714,0.9462,0.1107
2024-12-17,LPLA,6,1818,0.0033,0.9222,-0.8019
2024-12-18,LPLA,21,191,0.1099,0.9047,-0.6876
2024-12-19,LPLA,19,137,0.1387,0.8838,-0.6389
2024-12-20,LPLA,19,38,0.5,0.8848,-0.33
2024-12-23,LPLA,38,22,1.7273,0.9699,0.6518
2024-12-24,LPLA,1,34,0.0294,0.9703,-0.81
2024-12-26,LPLA,11,45,0.2444,0.9221,-0.5787
2024-12-27,LPLA,15,15,1.0,0.8833,0.1011
2024-12-30,LPLA,224,52,4.3077,1.0883,2.3473
2024-12-31,LPLA,19,58,0.3276,0.8904,-0.4876
2025-01-02,LPLA,6,6,1.0,0.9219,0.068
2025-01-03,LPLA,4,12,0.3333,0.9349,-0.5281
2025-01-06,LPLA,340,1663,0.2044,0.8279,-0.5669
2025-01-07,LPLA,261,12,21.75,1.8814,4.1358
2025-01-08,LPLA,34,35,0.9714,1.7941,-0.1713
2025-01-10,LPLA,25,21,1.1905,1.8478,-0.1372
2025-01-13,LPLA,66,64,1.0312,1.8934,-0.1805
2025-01-14,LPLA,7,17,0.4118,1.8202,-0.2941
2025-01-15,LPLA,11,29,0.3793,1.8366,-0.3047
2025-01-16,LPLA,3,70,0.0429,1.7852,-0.3632
2025-01-17,LPLA,30,132,0.2273,1.7964,-0.3274
2025-01-21,LPLA,21,28,0.75,1.8284,-0.2255
2025-01-22,LPLA,25,171,0.1462,1.8287,-0.3518
2025-01-23,LPLA,20,31,0.6452,1.836,-0.2491
2025-01-24,LPLA,8,115,0.0696,1.7531,-0.3509
2025-01-27,LPLA,181,41,4.4146,1.9724,0.5073
2025-01-28,LPLA,14,58,0.2414,1.9722,-0.3595
2025-01-29,LPLA,7,62,0.1129,1.9279,-0.3759
2025-01-30,LPLA,152,284,0.5352,1.7392,-0.2506
2025-01-31,LPLA,60,235,0.2553,1.7356,-0.3081
2025-02-03,LPLA,23,36,0.6389,1.7176,-0.2243
2025-02-04,LPLA,52,19,2.7368,1.8377,0.1872
2025-02-05,LPLA,30,22,1.3636,1.8957,-0.1111
2025-02-06,LPLA,32,2298,0.0139,0.8089,-0.7495
2025-02-07,LPLA,207,68,3.0441,0.9125,1.8175
2025-02-10,LPLA,253,16,15.8125,1.6436,4.0086
2025-02-11,LPLA,56,36,1.5556,1.6699,-0.0324
2025-02-12,LPLA,8,48,0.1667,1.6576,-0.4215
2025-02-13,LPLA,13,23,0.5652,1.6669,-0.3118
2025-02-14,LPLA,10,37,0.2703,1.6783,-0.3991
2025-02-18,LPLA,18,76,0.2368,1.6787,-0.4087
2025-02-19,LPLA,1,51,0.0196,1.6422,-0.4581
2025-02-20,LPLA,194,109,1.7798,1.7239,0.0159
2025-02-21,LPLA,75,77,0.974,1.7403,-0.2177
2025-02-24,LPLA,542,97,5.5876,2.0162,0.9927
2025-02-25,LPLA,748,169,4.426,2.0168,0.6696
2025-02-26,LPLA,59,419,0.1408,2.0118,-0.5196
2025-02-27,LPLA,15,73,0.2055,2.0164,-0.5033
2025-02-28,LPLA,36,63,0.5714,2.0182,-0.4022
2025-03-03,LPLA,48,2210,0.0217,2.0065,-0.5508
2025-03-04,LPLA,174,74,2.3514,2.0922,0.0722
2025-03-05,LPLA,23,134,0.1716,1.9639,-0.4963
2025-03-06,LPLA,180,22,8.1818,2.3048,1.5207
2025-03-07,LPLA,79,44,1.7955,2.3939,-0.1563
2025-03-10,LPLA,115,62,1.8548,2.3344,-0.1253
2025-03-11,LPLA,26,46,0.5652,1.5721,-0.4672
2025-03-12,LPLA,56,15,3.7333,1.681,0.9291
2025-03-13,LPLA,22,51,0.4314,1.6942,-0.574
2025-03-14,LPLA,89,63,1.4127,1.7366,-0.1482
2025-03-17,LPLA,32,83,0.3855,1.7423,-0.622
2025-03-18,LPLA,44,10,4.4,1.9505,1.0993
2025-03-19,LPLA,78,30,2.6,2.0795,0.2382
2025-03-20,LPLA,23,60,0.3833,2.0097,-0.7336
2025-03-21,LPLA,68,9,7.5556,2.3388,2.068
2025-03-24,LPLA,46,59,0.7797,2.0984,-0.544
2025-03-25,LPLA,31,45,0.6889,1.9115,-0.514
2025-03-26,LPLA,1,32,0.0312,1.906,-0.7867
2025-03-27,LPLA,88,25,3.52,2.0718,0.6101
2025-03-28,LPLA,189,395,0.4785,2.0671,-0.6683
2025-03-31,LPLA,64,20,3.2,2.226,0.4164
2025-04-01,LPLA,252,2952,0.0854,2.1127,-0.8493
2025-04-02,LPLA,57,145,0.3931,2.1238,-0.7278
2025-04-03,LPLA,304,233,1.3047,1.7799,-0.2493
2025-04-04,LPLA,250,89,2.809,1.8306,0.5095
2025-04-07,LPLA,72,177,0.4068,1.7582,-0.6943
2025-04-08,LPLA,158,60,2.6333,1.8616,0.3989
2025-04-09,LPLA,300,45,6.6667,2.0083,2.1373
2025-04-10,LPLA,41,87,0.4713,2.0103,-0.7066
2025-04-11,LPLA,37,27,1.3704,2.0082,-0.2927
2025-04-14,LPLA,278,188,1.4787,2.0628,-0.2718
2025-04-15,LPLA,13,14,0.9286,1.8893,-0.4597
2025-04-16,LPLA,639,24,26.625,3.0905,3.9766
2025-04-17,LPLA,127,41,3.0976,3.2262,-0.0219
2025-04-21,LPLA,68,41,1.6585,2.9314,-0.2194
2025-04-22,LPLA,7,5,1.4,2.9624,-0.2697
2025-04-23,LPLA,8,8,1.0,2.9779,-0.3418
2025-04-24,LPLA,3,2,1.5,3.0514,-0.2695
2025-04-25,LPLA,0,31,0.0,2.8754,-0.4962
2025-04-28,LPLA,144,17,8.4706,3.275,0.8813
2025-04-29,LPLA,22,32,0.6875,3.1494,-0.4156
2025-04-30,LPLA,6,14,0.4286,3.1665,-0.4629
2025-05-01,LPLA,23,43,0.5349,3.1736,-0.4464
2025-05-02,LPLA,54,16,3.375,3.2771,0.0166
2025-05-05,LPLA,41,9,4.5556,3.3645,0.2019
2025-05-06,LPLA,4,13,0.3077,3.3595,-0.5169
2025-05-07,LPLA,61,110,0.5545,3.2556,-0.4551
2025-05-08,LPLA,164,87,1.8851,3.0165,-0.1922
2025-05-09,LPLA,225,73,3.0822,3.147,-0.0111
2025-05-12,LPLA,51,2401,0.0212,3.0796,-0.5197
2025-05-13,LPLA,197,234,0.8419,3.0477,-0.3741
2025-05-14,LPLA,28,150,0.1867,3.0106,-0.4776
2025-05-15,LPLA,0,28,0.0,1.6794,-0.8175
2025-05-16,LPLA,2,45,0.0444,1.5267,-0.7207
2025-05-19,LPLA,64,124,0.5161,1.4696,-0.4609
2025-05-20,LPLA,54,20,2.7,1.5346,0.5584
2025-05-21,LPLA,98,52,1.8846,1.5788,0.1467
2025-05-22,LPLA,5,12,0.4167,1.5247,-0.5275
2025-05-23,LPLA,55,98,0.5612,1.5527,-0.4761
2025-05-27,LPLA,8,34,0.2353,1.141,-0.6882
2025-05-28,LPLA,9,12,0.75,1.1441,-0.2997
2025-05-29,LPLA,6,16,0.375,1.1414,-0.5821
2025-05-30,LPLA,42,31,1.3548,1.1824,0.1317
2025-06-02,LPLA,53,34,1.5588,1.0916,0.3866
2025-06-03,LPLA,24,18,1.3333,0.9305,0.4491
2025-06-04,LPLA,17,248,0.0685,0.9185,-0.937
2025-06-05,LPLA,28,26,1.0769,0.9446,0.1464
2025-06-06,LPLA,19,163,0.1166,0.8562,-0.828
2025-06-09,LPLA,28,66,0.4242,0.7233,-0.4115
2025-06-10,LPLA,2,7,0.2857,0.7365,-0.6298
2025-06-11,LPLA,5,22,0.2273,0.7058,-0.6608
2025-06-12,LPLA,11,2,5.5,0.9715,3.5301
2025-06-13,LPLA,2,11,0.1818,0.9806,-0.6259
2025-06-16,LPLA,17,112,0.1518,0.9859,-0.6556
2025-06-17,LPLA,13,123,0.1057,0.9654,-0.6698
2025-06-18,LPLA,32,60,0.5333,0.8571,-0.2656
2025-06-20,LPLA,45,187,0.2406,0.7749,-0.4447
2025-06-23,LPLA,20,102,0.1961,0.7638,-0.4707
2025-06-24,LPLA,22,46,0.4783,0.7597,-0.2332
2025-06-25,LPLA,122,38,3.2105,0.9085,1.7476
2025-06-26,LPLA,13,11,1.1818,0.9301,0.191
2025-06-27,LPLA,3,27,0.1111,0.9169,-0.6081
2025-06-30,LPLA,35,19,1.8421,0.9412,0.6733
2025-07-01,LPLA,7,9,0.7778,0.9022,-0.0935
2025-07-02,LPLA,37,11,3.3636,1.0037,1.6409
2025-07-03,LPLA,9,1786,0.005,1.0005,-0.6911
2025-07-07,LPLA,4,37,0.1081,0.9521,-0.5805
2025-07-08,LPLA,3,14,0.2143,0.957,-0.5118
2025-07-09,LPLA,108,21,5.1429,1.1929,2.298
2025-07-10,LPLA,14,195,0.0718,1.1822,-0.6435
2025-07-11,LPLA,8,21,0.381,1.1899,-0.4699
2025-07-14,LPLA,311,294,1.0578,0.9678,0.0647
2025-07-15,LPLA,13,45,0.2889,0.9731,-0.493
2025-07-16,LPLA,105,27,3.8889,1.16,1.7989
2025-07-17,LPLA,140,72,1.9444,1.2519,0.46
2025-07-18,LPLA,686,1371,0.5004,1.2503,-0.4979
2025-07-21,LPLA,31,625,0.0496,1.2407,-0.787
2025-07-22,LPLA,6,226,0.0265,1.2322,-0.7931
2025-07-23,LPLA,4,23,0.1739,1.217,-0.6819
2025-07-24,LPLA,4,6,0.6667,1.0898,-0.2899
2025-07-25,LPLA,13,5,2.6,1.1607,0.9609
2025-07-28,LPLA,2,269,0.0074,1.1556,-0.7645
2025-07-29,LPLA,312,330,0.9455,1.1107,-0.1106
2025-07-30,LPLA,22,70,0.3143,1.0876,-0.5146
2025-07-31,LPLA,56,86,0.6512,0.9519,-0.2139
2025-08-01,LPLA,658,215,3.0605,1.1047,1.3375
2025-08-04,LPLA,105,37,2.8378,1.2412,1.0705
2025-08-05,LPLA,871,37,23.5405,2.4075,4.0739
2025-08-06,LPLA,110,153,0.719,2.1863,-0.2844
2025-08-07,LPLA,298,32,9.3125,2.6483,1.2412
2025-08-08,LPLA,3,29,0.1034,2.6345,-0.4709
2025-08-11,LPLA,4,249,0.0161,2.5824,-0.4755
2025-08-12,LPLA,10,36,0.2778,2.5818,-0.4269
2025-08-13,LPLA,98,346,0.2832,2.4015,-0.3915
2025-08-14,LPLA,16,62,0.2581,2.3172,-0.3791
2025-08-15,LPLA,6,92,0.0652,2.2955,-0.41
2025-08-18,LPLA,1,55,0.0182,2.2939,-0.4183
2025-08-19,LPLA,5,11,0.4545,2.3153,-0.3425
2025-08-20,LPLA,4,37,0.1081,2.312,-0.4056
2025-08-21,LPLA,25,214,0.1168,2.2845,-0.3982
2025-08-22,LPLA,3,234,0.0128,2.1551,-0.3919
2025-08-25,LPLA,10,241,0.0415,2.1569,-0.387
2025-08-26,LPLA,8,71,0.1127,2.1152,-0.3655
2025-08-27,LPLA,1,6,0.1667,2.1078,-0.3541
2025-08-28,LPLA,2,37,0.0541,2.078,-0.3686
2025-08-29,LPLA,0,4,0.0,1.925,-0.3497
2025-09-02,LPLA,5,9,0.5556,1.8108,-0.2278
2025-09-03,LPLA,227,451,0.5033,0.659,-0.0761
2025-09-04,LPLA,0,43,0.0,0.623,-0.3035
2025-09-05,LPLA,94,1356,0.0693,0.1609,-0.5307
2025-09-08,LPLA,2,443,0.0045,0.1559,-0.8616
2025-09-09,LPLA,13,33,0.3939,0.1748,1.2163
2025-09-10,LPLA,51,19,2.6842,0.2951,4.0495
2025-09-11,LPLA,2,679,0.0029,0.2811,-0.4687
2025-09-12,LPLA,0,207,0.0,0.2682,-0.4493
2025-09-15,LPLA,381,637,0.5981,0.2949,0.506
2025-09-16,LPLA,13,155,0.0839,0.2981,-0.3583
2025-09-17,LPLA,3,512,0.0059,0.2757,-0.4496
2025-09-18,LPLA,5,330,0.0152,0.2711,-0.4252
2025-09-19,LPLA,84,271,0.31,0.2807,0.0488
2025-09-22,LPLA,0,53,0.0,0.2801,-0.466
2025-09-23,LPLA,0,20,0.0,0.278,-0.4618
2025-09-24,LPLA,0,68,0.0,0.2724,-0.4509
2025-09-25,LPLA,0,13,0.0,0.264,-0.435
2025-09-26,LPLA,0,106,0.0,0.2613,-0.4298
2025-09-29,LPLA,0,5,0.0,0.2613,-0.4298
2025-09-30,LPLA,0,307,0.0,0.2336,-0.3852
2025-10-01,LPLA,0,477,0.0,0.2084,-0.3444
2025-10-02,LPLA,0,18,0.0,0.2084,-0.3444
2025-10-03,LPLA,0,30,0.0,0.2049,-0.338
2025-10-06,LPLA,0,1231,0.0,0.2047,-0.3377
2025-10-07,LPLA,0,11,0.0,0.185,-0.3052
2025-10-08,LPLA,0,67,0.0,0.0508,-0.346
2025-10-09,LPLA,0,9,0.0,0.0507,-0.3452
2025-10-10,LPLA,0,4,0.0,0.0507,-0.3452
2025-10-13,LPLA,0,2,0.0,0.0208,-0.2945
2025-10-14,LPLA,0,7,0.0,0.0166,-0.24
2025-10-15,LPLA,0,28,0.0,0.0163,-0.2355
2025-10-16,LPLA,0,264,0.0,0.0155,-0.2236
2025-10-17,LPLA,0,609,0.0,0.0,0.0
