Ticker	Data_Points	Signals	Hits	Hit_Rate	Avg_Return	Best_Return	Worst_Return	First_Date	Last_Date	Status	Change	Run_Date	Lookback
MA	835	1	1	100	12.2	12.2	12.2	2023-01-03	2026-05-01	THIN		2026-05-02	trailing 3yr
SOXX	58	1	1	100	25.7	25.7	25.7	2026-02-09	2026-05-01	THIN		2026-05-02	trailing 3yr
NBIS	406	11	11	100	69.4	145.5	29.8	2024-09-18	2026-05-01	QUALIFY	STAY	2026-05-02	trailing 3yr
CRWV	256	5	5	100	64.2	190.2	18.8	2025-04-25	2026-05-01	THIN		2026-05-02	trailing 3yr
COHR	835	18	17	94.4	36.2	92	6	2023-01-03	2026-05-01	QUALIFY	STAY	2026-05-02	trailing 3yr
ANET	835	21	19	90.5	20.1	46	5.9	2023-01-03	2026-05-01	QUALIFY	STAY	2026-05-02	trailing 3yr
OKLO	481	10	9	90	112.9	219.6	1.9	2024-05-31	2026-05-01	QUALIFY	STAY	2026-05-02	trailing 3yr
DELL	835	19	17	89.5	32	80.4	1.3	2023-01-03	2026-05-01	QUALIFY	STAY	2026-05-02	trailing 3yr
APH	835	16	14	87.5	20	45.8	-1.7	2023-01-03	2026-05-01	QUALIFY	STAY	2026-05-02	trailing 3yr
ROKU	835	16	14	87.5	21.9	41.1	6.5	2023-01-03	2026-05-01	QUALIFY	STAY	2026-05-02	trailing 3yr
GEV	505	15	13	86.7	46.9	94.9	1.9	2024-04-26	2026-05-01	QUALIFY	STAY	2026-05-02	trailing 3yr
GM	835	15	13	86.7	19	30.3	2.7	2023-01-03	2026-05-01	QUALIFY	STAY	2026-05-02	trailing 3yr
WDC	835	15	13	86.7	45	102.6	5	2023-01-03	2026-05-01	QUALIFY	STAY	2026-05-02	trailing 3yr
KLAC	835	14	12	85.7	20.1	41.2	3	2023-01-03	2026-05-01	QUALIFY	STAY	2026-05-02	trailing 3yr
VST	835	21	18	85.7	40.3	115.5	-1.2	2023-01-03	2026-05-01	QUALIFY	STAY	2026-05-02	trailing 3yr
CRWD	835	20	17	85	23.6	59.8	0.2	2023-01-03	2026-05-01	QUALIFY	STAY	2026-05-02	trailing 3yr
KTOS	835	20	17	85	26.2	79.4	-0.9	2023-01-03	2026-05-01	QUALIFY	STAY	2026-05-02	trailing 3yr
RCL	835	19	16	84.2	26	53.4	1.7	2023-01-03	2026-05-01	QUALIFY	STAY	2026-05-02	trailing 3yr
SMR	835	12	10	83.3	107	274.1	6.3	2023-01-03	2026-05-01	QUALIFY	STAY	2026-05-02	trailing 3yr
HAL	835	12	10	83.3	17.6	31	-0.3	2023-01-03	2026-05-01	QUALIFY	STAY	2026-05-02	trailing 3yr
NVDA	835	11	9	81.8	33.1	74.8	6.9	2023-01-03	2026-05-01	QUALIFY	STAY	2026-05-02	trailing 3yr
TSM	835	16	13	81.2	17.8	42.6	0.6	2023-01-03	2026-05-01	QUALIFY	STAY	2026-05-02	trailing 3yr
MRCY	835	16	13	81.2	17.7	39	6.2	2023-01-03	2026-05-01	QUALIFY	STAY	2026-05-02	trailing 3yr
RGTI	835	21	17	81	175.7	1701.8	-8.6	2023-01-03	2026-05-01	QUALIFY	STAY	2026-05-02	trailing 3yr
JBL	835	21	17	81	24.8	71.2	4.3	2023-01-03	2026-05-01	QUALIFY	STAY	2026-05-02	trailing 3yr
TWLO	835	21	17	81	29.6	82.2	-0.5	2023-01-03	2026-05-01	QUALIFY	STAY	2026-05-02	trailing 3yr
AMT	835	5	4	80	13.1	27.2	-1	2023-01-03	2026-05-01	THIN		2026-05-02	trailing 3yr
VLO	835	15	12	80	16.3	37.3	0.6	2023-01-03	2026-05-01	QUALIFY	STAY	2026-05-02	trailing 3yr
AMD	835	15	12	80	31.8	76.9	-1.9	2023-01-03	2026-05-01	QUALIFY	STAY	2026-05-02	trailing 3yr
MDB	835	20	16	80	21.9	74.6	-2	2023-01-03	2026-05-01	QUALIFY	STAY	2026-05-02	trailing 3yr
CCJ	835	20	16	80	18.6	57.5	-0.1	2023-01-03	2026-05-01	QUALIFY	STAY	2026-05-02	trailing 3yr
VRT	835	24	19	79.2	35.4	79.5	2.1	2023-01-03	2026-05-01	QUALIFY	STAY	2026-05-02	trailing 3yr
FVRR	835	14	11	78.6	16	40.4	-2.1	2023-01-03	2026-05-01	QUALIFY	STAY	2026-05-02	trailing 3yr
TPR	835	14	11	78.6	30.6	54.2	-0.2	2023-01-03	2026-05-01	QUALIFY	STAY	2026-05-02	trailing 3yr
MSTR	835	18	14	77.8	46.5	185.5	1.1	2023-01-03	2026-05-01	QUALIFY	STAY	2026-05-02	trailing 3yr
CARR	835	9	7	77.8	12.9	24	-0.3	2023-01-03	2026-05-01	THIN		2026-05-02	trailing 3yr
GDDY	835	9	7	77.8	17	39.3	6.5	2023-01-03	2026-05-01	THIN		2026-05-02	trailing 3yr
AMAT	835	9	7	77.8	23.3	54.8	1.8	2023-01-03	2026-05-01	THIN		2026-05-02	trailing 3yr
CPRT	835	13	10	76.9	16.1	28.8	3.2	2023-01-03	2026-05-01	QUALIFY	STAY	2026-05-02	trailing 3yr
TER	835	13	10	76.9	36.1	71.4	-3.8	2023-01-03	2026-05-01	QUALIFY	STAY	2026-05-02	trailing 3yr
AMKR	835	17	13	76.5	36	76.7	1.5	2023-01-03	2026-05-01	QUALIFY	STAY	2026-05-02	trailing 3yr
INTC	835	17	13	76.5	26	97.7	-4.4	2023-01-03	2026-05-01	QUALIFY	STAY	2026-05-02	trailing 3yr
TSLA	835	16	12	75	31.8	91.9	1.4	2023-01-03	2026-05-01	QUALIFY	STAY	2026-05-02	trailing 3yr
AVGO	835	12	9	75	22.6	50.1	-1.4	2023-01-03	2026-05-01	QUALIFY	STAY	2026-05-02	trailing 3yr
GSAT	835	16	12	75	34.4	128.3	3.3	2023-01-03	2026-05-01	QUALIFY	STAY	2026-05-02	trailing 3yr
HIW	835	12	9	75	13	24.6	1.1	2023-01-03	2026-05-01	QUALIFY	STAY	2026-05-02	trailing 3yr
LHX	835	8	6	75	12.9	24.6	0.7	2023-01-03	2026-05-01	THIN		2026-05-02	trailing 3yr
KMI	835	8	6	75	11.3	20.3	0.3	2023-01-03	2026-05-01	THIN		2026-05-02	trailing 3yr
MOG.A	835	12	9	75	15.5	56.3	1.4	2023-01-03	2026-05-01	QUALIFY	STAY	2026-05-02	trailing 3yr
SPOT	835	16	12	75	26.2	54.2	4.5	2023-01-03	2026-05-01	QUALIFY	STAY	2026-05-02	trailing 3yr
NFLX	835	16	12	75	20.2	56.5	3	2023-01-03	2026-05-01	QUALIFY	STAY	2026-05-02	trailing 3yr
MNDY	835	12	9	75	18.9	37.8	2.6	2023-01-03	2026-05-01	QUALIFY	STAY	2026-05-02	trailing 3yr
CYBR	782	16	12	75	18.2	33.8	3.7	2023-01-03	2026-02-13	QUALIFY	STAY	2026-05-02	trailing 3yr
PM	835	12	9	75	14.8	32.8	0.2	2023-01-03	2026-05-01	QUALIFY	STAY	2026-05-02	trailing 3yr
RBLX	835	19	14	73.7	26.9	107.8	-8.5	2023-01-03	2026-05-01	QUALIFY	STAY	2026-05-02	trailing 3yr
AZEK	624	15	11	73.3	15.3	50.5	-0.9	2023-01-03	2025-06-30	QUALIFY	STAY	2026-05-02	trailing 3yr
WSM	835	15	11	73.3	19.9	44.1	0.2	2023-01-03	2026-05-01	QUALIFY	STAY	2026-05-02	trailing 3yr
MU	835	22	16	72.7	34.4	112.8	3.3	2023-01-03	2026-05-01	QUALIFY	STAY	2026-05-02	trailing 3yr
FFIV	835	11	8	72.7	14.6	28.5	4	2023-01-03	2026-05-01	QUALIFY	STAY	2026-05-02	trailing 3yr
SNOW	835	11	8	72.7	20	47.9	2.5	2023-01-03	2026-05-01	QUALIFY	STAY	2026-05-02	trailing 3yr
MSFT	835	11	8	72.7	14.7	29.6	-0.8	2023-01-03	2026-05-01	QUALIFY	STAY	2026-05-02	trailing 3yr
SHOP	835	22	16	72.7	21.2	51.1	3.8	2023-01-03	2026-05-01	QUALIFY	STAY	2026-05-02	trailing 3yr
CMG	835	11	8	72.7	17	33.2	1.4	2023-01-03	2026-05-01	QUALIFY	STAY	2026-05-02	trailing 3yr
IONQ	835	18	13	72.2	66.2	433.3	-4.6	2023-01-03	2026-05-01	QUALIFY	STAY	2026-05-02	trailing 3yr
RKLB	835	18	13	72.2	64.4	260.8	-3.1	2023-01-03	2026-05-01	QUALIFY	STAY	2026-05-02	trailing 3yr
NET	835	18	13	72.2	25.9	69.3	-3.1	2023-01-03	2026-05-01	QUALIFY	STAY	2026-05-02	trailing 3yr
NUE	835	14	10	71.4	15	30.1	4	2023-01-03	2026-05-01	QUALIFY	STAY	2026-05-02	trailing 3yr
HII	835	14	10	71.4	16.5	32.9	2.5	2023-01-03	2026-05-01	QUALIFY	STAY	2026-05-02	trailing 3yr
TRGP	835	14	10	71.4	18.1	38.4	0.2	2023-01-03	2026-05-01	QUALIFY	STAY	2026-05-02	trailing 3yr
DOCN	835	21	15	71.4	24.4	77.9	-2.5	2023-01-03	2026-05-01	QUALIFY	STAY	2026-05-02	trailing 3yr
PLTR	835	21	15	71.4	38.7	119.6	0.3	2023-01-03	2026-05-01	QUALIFY	STAY	2026-05-02	trailing 3yr
PH	835	14	10	71.4	12.2	21.5	-0.6	2023-01-03	2026-05-01	QUALIFY	STAY	2026-05-02	trailing 3yr
CSCO	835	7	5	71.4	12.8	23	0	2023-01-03	2026-05-01	THIN		2026-05-02	trailing 3yr
UEC	835	17	12	70.6	31.6	108.5	-3.1	2023-01-03	2026-05-01	QUALIFY	STAY	2026-05-02	trailing 3yr
STX	835	17	12	70.6	34.6	85.6	0.1	2023-01-03	2026-05-01	QUALIFY	STAY	2026-05-02	trailing 3yr
W	835	17	12	70.6	39.1	128	-0.6	2023-01-03	2026-05-01	QUALIFY	STAY	2026-05-02	trailing 3yr
LDOS	835	10	7	70	11.4	20.7	0.6	2023-01-03	2026-05-01	QUALIFY	STAY	2026-05-02	trailing 3yr
TGT	835	10	7	70	13.4	28	1.1	2023-01-03	2026-05-01	QUALIFY	STAY	2026-05-02	trailing 3yr
NOW	835	10	7	70	14.1	35.3	-4.3	2023-01-03	2026-05-01	QUALIFY	STAY	2026-05-02	trailing 3yr
ROST	835	10	7	70	13.5	24.8	0	2023-01-03	2026-05-01	QUALIFY	STAY	2026-05-02	trailing 3yr
RTX	835	10	7	70	11.4	19.8	4.3	2023-01-03	2026-05-01	QUALIFY	STAY	2026-05-02	trailing 3yr
IONS	835	10	7	70	22.2	72.1	-3.1	2023-01-03	2026-05-01	QUALIFY	STAY	2026-05-02	trailing 3yr
SMCI	835	23	16	69.6	64.3	270.9	-4.2	2023-01-03	2026-05-01	QUALIFY	STAY	2026-05-02	trailing 3yr
IVZ	835	13	9	69.2	14.7	39.4	-0.9	2023-01-03	2026-05-01	QUALIFY	STAY	2026-05-02	trailing 3yr
ISRG	835	13	9	69.2	13.7	28.4	0.4	2023-01-03	2026-05-01	QUALIFY	STAY	2026-05-02	trailing 3yr
TKO	643	13	9	69.2	12.1	30.1	0.5	2023-10-09	2026-05-01	QUALIFY	STAY	2026-05-02	trailing 3yr
HWM	835	16	11	68.8	15.8	32.3	0.9	2023-01-03	2026-05-01	QUALIFY	STAY	2026-05-02	trailing 3yr
EXPE	835	16	11	68.8	16.1	39.2	1.3	2023-01-03	2026-05-01	QUALIFY	STAY	2026-05-02	trailing 3yr
LRCX	835	16	11	68.8	24.5	54.8	-1.5	2023-01-03	2026-05-01	QUALIFY	STAY	2026-05-02	trailing 3yr
QUBT	835	16	11	68.8	266.8	2691.3	0	2023-01-03	2026-05-01	QUALIFY	STAY	2026-05-02	trailing 3yr
NEM	835	19	13	68.4	25.1	53	3.1	2023-01-03	2026-05-01	QUALIFY	STAY	2026-05-02	trailing 3yr
INSM	835	19	13	68.4	29.7	156	0.8	2023-01-03	2026-05-01	QUALIFY	STAY	2026-05-02	trailing 3yr
DECK	835	19	13	68.4	16.1	31.8	-7.3	2023-01-03	2026-05-01	QUALIFY	STAY	2026-05-02	trailing 3yr
COIN	835	19	13	68.4	50.8	141.6	-4.9	2023-01-03	2026-05-01	QUALIFY	STAY	2026-05-02	trailing 3yr
QBTS	835	22	15	68.2	126.7	772.6	-9.4	2023-01-03	2026-05-01	QUALIFY	STAY	2026-05-02	trailing 3yr
ABCB	835	15	10	66.7	13.5	35.1	0.8	2023-01-03	2026-05-01	QUALIFY	STAY	2026-05-02	trailing 3yr
AMZN	835	15	10	66.7	15.1	29.8	-1.5	2023-01-03	2026-05-01	QUALIFY	STAY	2026-05-02	trailing 3yr
DNN	835	18	12	66.7	18.5	59.5	-1.7	2023-01-03	2026-05-01	QUALIFY	STAY	2026-05-02	trailing 3yr
IBKR	835	18	12	66.7	18.2	48.5	2.1	2023-01-03	2026-05-01	QUALIFY	STAY	2026-05-02	trailing 3yr
DASH	835	21	14	66.7	16.5	34.9	-2	2023-01-03	2026-05-01	QUALIFY	STAY	2026-05-02	trailing 3yr
PODD	835	9	6	66.7	17.3	42.9	3.4	2023-01-03	2026-05-01	THIN		2026-05-02	trailing 3yr
LLY	835	15	10	66.7	17.6	47.1	0.8	2023-01-03	2026-05-01	QUALIFY	STAY	2026-05-02	trailing 3yr
ALAB	512	9	6	66.7	52.3	185.2	3.1	2024-04-17	2026-05-01	THIN		2026-05-02	trailing 3yr
ERIE	835	6	4	66.7	14.9	29.3	2.3	2023-01-03	2026-05-01	THIN		2026-05-02	trailing 3yr
RSG	835	6	4	66.7	10.5	16.6	5.4	2023-01-03	2026-05-01	THIN		2026-05-02	trailing 3yr
NCLH	835	18	12	66.7	21.8	59.5	-3.7	2023-01-03	2026-05-01	QUALIFY	STAY	2026-05-02	trailing 3yr
NOC	835	6	4	66.7	10.5	16.8	0.1	2023-01-03	2026-05-01	THIN		2026-05-02	trailing 3yr
GE	835	12	8	66.7	22.7	53.9	0.7	2023-01-03	2026-05-01	QUALIFY	STAY	2026-05-02	trailing 3yr
MELI	835	15	10	66.7	15.9	36.1	0.4	2023-01-03	2026-05-01	QUALIFY	STAY	2026-05-02	trailing 3yr
FICO	835	21	14	66.7	17.7	32.6	-0.3	2023-01-03	2026-05-01	QUALIFY	STAY	2026-05-02	trailing 3yr
MRVL	835	9	6	66.7	31.8	78.7	-3.2	2023-01-03	2026-05-01	THIN		2026-05-02	trailing 3yr
PANW	835	15	10	66.7	15.6	28.8	5.9	2023-01-03	2026-05-01	QUALIFY	STAY	2026-05-02	trailing 3yr
EIX	835	6	4	66.7	15	27.6	6.2	2023-01-03	2026-05-01	THIN		2026-05-02	trailing 3yr
ALB	835	18	12	66.7	23.8	76	-5.1	2023-01-03	2026-05-01	QUALIFY	STAY	2026-05-02	trailing 3yr
HAS	835	12	8	66.7	13.5	33.5	-0.7	2023-01-03	2026-05-01	QUALIFY	STAY	2026-05-02	trailing 3yr
GILD	835	12	8	66.7	12.2	25.7	1.8	2023-01-03	2026-05-01	QUALIFY	STAY	2026-05-02	trailing 3yr
GLW	835	15	10	66.7	28.1	84.7	0.4	2023-01-03	2026-05-01	QUALIFY	STAY	2026-05-02	trailing 3yr
LEU	835	12	8	66.7	51.7	166.4	-1.7	2023-01-03	2026-05-01	QUALIFY	STAY	2026-05-02	trailing 3yr
ADBE	835	6	4	66.7	16.1	34.2	-0.4	2023-01-03	2026-05-01	THIN		2026-05-02	trailing 3yr
META	835	23	15	65.2	17.6	68.6	-1.4	2023-01-03	2026-05-01	QUALIFY	STAY	2026-05-02	trailing 3yr
CAT	835	17	11	64.7	17.3	41.7	-3.1	2023-01-03	2026-05-01	QUALIFY	STAY	2026-05-02	trailing 3yr
RUN	778	17	11	64.7	34.4	104.7	-6.3	2023-01-03	2026-02-09	QUALIFY	STAY	2026-05-02	trailing 3yr
MPWR	835	17	11	64.7	19.4	40.5	-2.3	2023-01-03	2026-05-01	QUALIFY	STAY	2026-05-02	trailing 3yr
KKR	835	17	11	64.7	15.3	47	0.5	2023-01-03	2026-05-01	QUALIFY	STAY	2026-05-02	trailing 3yr
ULTA	835	17	11	64.7	12.9	33.2	1.3	2023-01-03	2026-05-01	QUALIFY	STAY	2026-05-02	trailing 3yr
DDOG	835	17	11	64.7	20.8	48.6	2.3	2023-01-03	2026-05-01	QUALIFY	STAY	2026-05-02	trailing 3yr
APP	835	17	11	64.7	45.5	265.4	-5.1	2023-01-03	2026-05-01	QUALIFY	STAY	2026-05-02	trailing 3yr
TPL	835	14	9	64.3	30.3	88.9	0.5	2023-01-03	2026-05-01	QUALIFY	STAY	2026-05-02	trailing 3yr
UPWK	835	14	9	64.3	27.1	72.2	-2	2023-01-03	2026-05-01	QUALIFY	STAY	2026-05-02	trailing 3yr
DAL	835	11	7	63.6	16.9	51.5	4.8	2023-01-03	2026-05-01	QUALIFY	STAY	2026-05-02	trailing 3yr
CNC	835	11	7	63.6	17.2	40.9	-0.7	2023-01-03	2026-05-01	QUALIFY	NEW	2026-05-02	trailing 3yr
AZN	835	11	7	63.6	21.3	124.5	1.9	2023-01-03	2026-05-01	QUALIFY	STAY	2026-05-02	trailing 3yr
ETR	835	11	7	63.6	13.8	28.1	2.9	2023-01-03	2026-05-01	QUALIFY	STAY	2026-05-02	trailing 3yr
BX	835	11	7	63.6	13.9	28.8	2.6	2023-01-03	2026-05-01	QUALIFY	STAY	2026-05-02	trailing 3yr
BXP	835	11	7	63.6	13.8	28.3	0.2	2023-01-03	2026-05-01	QUALIFY	STAY	2026-05-02	trailing 3yr
TEAM	835	11	7	63.6	19.8	77.6	-0.3	2023-01-03	2026-05-01	QUALIFY	STAY	2026-05-02	trailing 3yr
BG	835	11	7	63.6	11.7	26.2	2.1	2023-01-03	2026-05-01	QUALIFY	STAY	2026-05-02	trailing 3yr
FSLR	835	19	12	63.2	22.6	72.2	-5.5	2023-01-03	2026-05-01	QUALIFY	STAY	2026-05-02	trailing 3yr
COR	835	16	10	62.5	10.1	21.4	1	2023-01-03	2026-05-01	QUALIFY	STAY	2026-05-02	trailing 3yr
DLTR	835	16	10	62.5	15.7	38.2	-3.9	2023-01-03	2026-05-01	QUALIFY	STAY	2026-05-02	trailing 3yr
GNRC	835	16	10	62.5	16.1	45.5	-3.9	2023-01-03	2026-05-01	QUALIFY	STAY	2026-05-02	trailing 3yr
GTM	636	8	5	62.5	11.2	24.3	-0.9	2023-01-03	2026-05-01	THIN		2026-05-02	trailing 3yr
T	835	8	5	62.5	9.7	17.5	1	2023-01-03	2026-05-01	THIN		2026-05-02	trailing 3yr
CEG	835	16	10	62.5	19.8	59.1	1.2	2023-01-03	2026-05-01	QUALIFY	STAY	2026-05-02	trailing 3yr
IBP	835	24	15	62.5	17.8	55.6	0.1	2023-01-03	2026-05-01	QUALIFY	STAY	2026-05-02	trailing 3yr
URI	835	16	10	62.5	15.3	39.9	-1.2	2023-01-03	2026-05-01	QUALIFY	STAY	2026-05-02	trailing 3yr
CTAS	835	8	5	62.5	12.3	22.1	5.3	2023-01-03	2026-05-01	THIN		2026-05-02	trailing 3yr
STLD	835	21	13	61.9	14.2	33.1	-3.7	2023-01-03	2026-05-01	QUALIFY	STAY	2026-05-02	trailing 3yr
TTD	835	21	13	61.9	15.1	40.5	-5.3	2023-01-03	2026-05-01	QUALIFY	STAY	2026-05-02	trailing 3yr
ARM	641	13	8	61.5	35.1	144.2	-3.7	2023-10-11	2026-05-01	QUALIFY	STAY	2026-05-02	trailing 3yr
GOOGL	835	13	8	61.5	16.1	40.2	1.1	2023-01-03	2026-05-01	QUALIFY	STAY	2026-05-02	trailing 3yr
CBOE	835	13	8	61.5	11.7	18.7	2.2	2023-01-03	2026-05-01	QUALIFY	STAY	2026-05-02	trailing 3yr
SAP	835	13	8	61.5	13.9	27.2	6.8	2023-01-03	2026-05-01	QUALIFY	STAY	2026-05-02	trailing 3yr
PATH	835	18	11	61.1	19.2	62.1	-3.5	2023-01-03	2026-05-01	QUALIFY	STAY	2026-05-02	trailing 3yr
AXON	835	18	11	61.1	18.8	72.6	-2.8	2023-01-03	2026-05-01	QUALIFY	STAY	2026-05-02	trailing 3yr
PWR	835	18	11	61.1	17.9	61.4	1.2	2023-01-03	2026-05-01	QUALIFY	STAY	2026-05-02	trailing 3yr
C	835	18	11	61.1	13.1	34.5	-0.7	2023-01-03	2026-05-01	QUALIFY	STAY	2026-05-02	trailing 3yr
TREX	835	18	11	61.1	15.4	41.2	-1.9	2023-01-03	2026-05-01	QUALIFY	STAY	2026-05-02	trailing 3yr
SYF	835	15	9	60	16.3	36.5	-2	2023-01-03	2026-05-01	QUALIFY	STAY	2026-05-02	trailing 3yr
TTWO	836	10	6	60	13	23.5	4.2	2023-01-03	2026-05-01	QUALIFY	STAY	2026-05-02	trailing 3yr
VRSN	835	5	3	60	12.7	22.9	-0.8	2023-01-03	2026-05-01	THIN		2026-05-02	trailing 3yr
RL	835	15	9	60	14.2	41	1.2	2023-01-03	2026-05-01	QUALIFY	STAY	2026-05-02	trailing 3yr
BSX	836	10	6	60	10.2	16	2.8	2023-01-03	2026-05-01	QUALIFY	STAY	2026-05-02	trailing 3yr
SW	438	10	6	60	17.1	36.3	-0.7	2024-08-02	2026-05-01	QUALIFY	STAY	2026-05-02	trailing 3yr
QCOM	835	10	6	60	13.7	28.8	-6	2023-01-03	2026-05-01	QUALIFY	STAY	2026-05-02	trailing 3yr
BE	835	20	12	60	59.9	252.6	-11.1	2023-01-03	2026-05-01	QUALIFY	STAY	2026-05-02	trailing 3yr
ATO	835	5	3	60	9.4	11.1	5.9	2023-01-03	2026-05-01	THIN		2026-05-02	trailing 3yr
SBAC	835	10	6	60	11.2	24.4	1.7	2023-01-03	2026-05-01	QUALIFY	STAY	2026-05-02	trailing 3yr
OKE	835	5	3	60	15.8	30	8.4	2023-01-03	2026-05-01	THIN		2026-05-02	trailing 3yr
NVR	835	10	6	60	10.1	17.4	0.7	2023-01-03	2026-05-01	QUALIFY	STAY	2026-05-02	trailing 3yr
FOX	835	15	9	60	11.2	19.5	-0.4	2023-01-03	2026-05-01	QUALIFY	STAY	2026-05-02	trailing 3yr
SNA	835	5	3	60	9.1	16.2	0.3	2023-01-03	2026-05-01	THIN		2026-05-02	trailing 3yr
KIM	835	5	3	60	10.4	21.9	-1.2	2023-01-03	2026-05-01	THIN		2026-05-02	trailing 3yr
TFC	835	10	6	60	10.9	22.4	3.8	2023-01-03	2026-05-01	QUALIFY	STAY	2026-05-02	trailing 3yr
MHK	835	15	9	60	14.1	32	0.1	2023-01-03	2026-05-01	QUALIFY	STAY	2026-05-02	trailing 3yr
UBER	835	17	10	58.8	16.3	38.2	-1.6	2023-01-03	2026-05-01	QUALIFY	STAY	2026-05-02	trailing 3yr
XYZ	835	17	10	58.8	14.4	55.9	-6.2	2023-01-03	2026-05-01	QUALIFY	STAY	2026-05-02	trailing 3yr
EQT	835	17	10	58.8	13.2	31.6	0.3	2023-01-03	2026-05-01	QUALIFY	STAY	2026-05-02	trailing 3yr
GWW	835	12	7	58.3	11.2	21.6	3.6	2023-01-03	2026-05-01	QUALIFY	STAY	2026-05-02	trailing 3yr
ZBRA	835	12	7	58.3	11.3	24.4	-1.5	2023-01-03	2026-05-01	QUALIFY	STAY	2026-05-02	trailing 3yr
BK	835	12	7	58.3	12.4	24.6	5.1	2023-01-03	2026-05-01	QUALIFY	STAY	2026-05-02	trailing 3yr
LUV	835	12	7	58.3	14.4	56.3	-0.7	2023-01-03	2026-05-01	QUALIFY	STAY	2026-05-02	trailing 3yr
COST	835	12	7	58.3	11.8	23.2	2.1	2023-01-03	2026-05-01	QUALIFY	STAY	2026-05-02	trailing 3yr
BILL	835	12	7	58.3	20.2	70.5	-2	2023-01-03	2026-05-01	QUALIFY	STAY	2026-05-02	trailing 3yr
WMT	835	12	7	58.3	11.9	25.1	4.2	2023-01-03	2026-05-01	QUALIFY	STAY	2026-05-02	trailing 3yr
AVAV	835	19	11	57.9	21.8	105	-6.1	2023-01-03	2026-05-01	QUALIFY	STAY	2026-05-02	trailing 3yr
CW	835	19	11	57.9	11.8	38.8	0.2	2023-01-03	2026-05-01	QUALIFY	STAY	2026-05-02	trailing 3yr
COP	835	7	4	57.1	15.1	37.1	2.2	2023-01-03	2026-05-01	THIN		2026-05-02	trailing 3yr
GOOG	835	14	8	57.1	15.2	40	1.3	2023-01-03	2026-05-01	QUALIFY	STAY	2026-05-02	trailing 3yr
GRMN	835	14	8	57.1	12.3	26.6	1.9	2023-01-03	2026-05-01	QUALIFY	STAY	2026-05-02	trailing 3yr
KEY	835	14	8	57.1	9.7	24.2	-0.6	2023-01-03	2026-05-01	QUALIFY	STAY	2026-05-02	trailing 3yr
COF	835	14	8	57.1	14.6	37	1	2023-01-03	2026-05-01	QUALIFY	STAY	2026-05-02	trailing 3yr
DOW	835	7	4	57.1	19.5	48.2	0.9	2023-01-03	2026-05-01	THIN		2026-05-02	trailing 3yr
ODFL	835	14	8	57.1	14.9	39.3	0.8	2023-01-03	2026-05-01	QUALIFY	STAY	2026-05-02	trailing 3yr
CPAY	514	7	4	57.1	11.5	21.8	0.6	2024-04-15	2026-05-01	THIN		2026-05-02	trailing 3yr
MOH	835	14	8	57.1	11.9	31.7	1	2023-01-03	2026-05-01	QUALIFY	STAY	2026-05-02	trailing 3yr
CHRW	835	9	5	55.6	14.7	36	0.6	2023-01-03	2026-05-01	THIN		2026-05-02	trailing 3yr
SWKS	835	9	5	55.6	9.4	17.8	-1	2023-01-03	2026-05-01	THIN		2026-05-02	trailing 3yr
LULU	835	9	5	55.6	16.9	38.8	4	2023-01-03	2026-05-01	THIN		2026-05-02	trailing 3yr
MRNA	835	9	5	55.6	28.8	96.2	3.7	2023-01-03	2026-05-01	THIN		2026-05-02	trailing 3yr
NWSA	835	9	5	55.6	9.7	15.1	2.4	2023-01-03	2026-05-01	THIN		2026-05-02	trailing 3yr
BRO	835	9	5	55.6	10.6	18.9	-2.8	2023-01-03	2026-05-01	THIN		2026-05-02	trailing 3yr
HIG	835	9	5	55.6	10.3	18.6	0.5	2023-01-03	2026-05-01	THIN		2026-05-02	trailing 3yr
ALNY	835	9	5	55.6	22.5	73.2	-0.1	2023-01-03	2026-05-01	THIN		2026-05-02	trailing 3yr
ALLE	835	9	5	55.6	12	25	-1.1	2023-01-03	2026-05-01	THIN		2026-05-02	trailing 3yr
BKR	835	18	10	55.6	11.7	26.1	0.6	2023-01-03	2026-05-01	QUALIFY	STAY	2026-05-02	trailing 3yr
PNR	835	9	5	55.6	12.9	21.5	1.8	2023-01-03	2026-05-01	THIN		2026-05-02	trailing 3yr
CTRE	835	9	5	55.6	7.6	13.7	-4	2023-01-03	2026-05-01	THIN		2026-05-02	trailing 3yr
CHTR	835	9	5	55.6	12.5	24.1	1.4	2023-01-03	2026-05-01	THIN		2026-05-02	trailing 3yr
IR	835	9	5	55.6	11	23.2	3	2023-01-03	2026-05-01	THIN		2026-05-02	trailing 3yr
MMM	835	11	6	54.5	11.1	29.2	-0.3	2023-01-03	2026-05-01	QUALIFY	STAY	2026-05-02	trailing 3yr
CTVA	835	11	6	54.5	10.5	33.1	-0.4	2023-01-03	2026-05-01	QUALIFY	STAY	2026-05-02	trailing 3yr
FTNT	835	11	6	54.5	10.8	24.8	0	2023-01-03	2026-05-01	QUALIFY	STAY	2026-05-02	trailing 3yr
ORCL	835	11	6	54.5	15.3	56.5	-1.5	2023-01-03	2026-05-01	QUALIFY	STAY	2026-05-02	trailing 3yr
PUBGY	787	11	6	54.5	11.6	25.7	1.2	2023-01-03	2026-02-23	QUALIFY	STAY	2026-05-02	trailing 3yr
AKAM	835	11	6	54.5	10.7	22.8	-0.8	2023-01-03	2026-05-01	QUALIFY	STAY	2026-05-02	trailing 3yr
GEHC	827	11	6	54.5	9.2	20.9	-5.5	2023-01-13	2026-05-01	QUALIFY	STAY	2026-05-02	trailing 3yr
CLX	835	11	6	54.5	8	16.9	-2.7	2023-01-03	2026-05-01	QUALIFY	STAY	2026-05-02	trailing 3yr
NRG	835	22	12	54.5	17.5	48.7	-1.6	2023-01-03	2026-05-01	QUALIFY	STAY	2026-05-02	trailing 3yr
MCK	835	11	6	54.5	9.5	20.7	-7.1	2023-01-03	2026-05-01	QUALIFY	STAY	2026-05-02	trailing 3yr
AES	835	11	6	54.5	14.1	32.2	1.6	2023-01-03	2026-05-01	QUALIFY	STAY	2026-05-02	trailing 3yr
PHM	835	24	13	54.2	15.4	41.4	-0.8	2023-01-03	2026-05-01	QUALIFY	STAY	2026-05-02	trailing 3yr
BKNG	835	13	7	53.8	11.6	26.3	0.4	2023-01-03	2026-05-01	QUALIFY	STAY	2026-05-02	trailing 3yr
WBD	835	13	7	53.8	22.4	56.5	0.1	2023-01-03	2026-05-01	QUALIFY	STAY	2026-05-02	trailing 3yr
USB	835	13	7	53.8	13.8	30.2	3.4	2023-01-03	2026-05-01	QUALIFY	STAY	2026-05-02	trailing 3yr
AXP	835	13	7	53.8	12.3	26.8	4.6	2023-01-03	2026-05-01	QUALIFY	STAY	2026-05-02	trailing 3yr
UUUU	835	13	7	53.8	42.8	190.2	-3.6	2023-01-03	2026-05-01	QUALIFY	STAY	2026-05-02	trailing 3yr
CME	835	13	7	53.8	9.3	14.9	2	2023-01-03	2026-05-01	QUALIFY	STAY	2026-05-02	trailing 3yr
APA	835	13	7	53.8	14.7	40.1	-0.2	2023-01-03	2026-05-01	QUALIFY	STAY	2026-05-02	trailing 3yr
VNO	835	15	8	53.3	22.1	59.6	-0.4	2023-01-03	2026-05-01	QUALIFY	STAY	2026-05-02	trailing 3yr
DXCM	835	15	8	53.3	12.4	38.5	-1.2	2023-01-03	2026-05-01	QUALIFY	STAY	2026-05-02	trailing 3yr
MPC	835	15	8	53.3	12.1	29	0.6	2023-01-03	2026-05-01	QUALIFY	STAY	2026-05-02	trailing 3yr
S	835	15	8	53.3	14.2	57.2	-3.9	2023-01-03	2026-05-01	QUALIFY	STAY	2026-05-02	trailing 3yr
HUBB	835	15	8	53.3	11.5	26.5	0.8	2023-01-03	2026-05-01	QUALIFY	STAY	2026-05-02	trailing 3yr
GTLB	835	15	8	53.3	17.1	46.6	0.1	2023-01-03	2026-05-01	QUALIFY	STAY	2026-05-02	trailing 3yr
ASML	835	15	8	53.3	20.5	43.3	2.6	2023-01-03	2026-05-01	QUALIFY	STAY	2026-05-02	trailing 3yr
HPE	835	15	8	53.3	12.1	28.9	-1.3	2023-01-03	2026-05-01	QUALIFY	STAY	2026-05-02	trailing 3yr
CRL	835	17	9	52.9	12.4	31.7	0.2	2023-01-03	2026-05-01	QUALIFY	STAY	2026-05-02	trailing 3yr
SLG	835	19	10	52.6	15.2	48.8	1.5	2023-01-03	2026-05-01	QUALIFY	STAY	2026-05-02	trailing 3yr
ZS	835	21	11	52.4	18	62	-1.5	2023-01-03	2026-05-01	QUALIFY	STAY	2026-05-02	trailing 3yr
UAL	835	18	9	50	18.3	110.1	-2.2	2023-01-03	2026-05-01	QUALIFY	STAY	2026-05-02	trailing 3yr
TMUS	835	8	4	50	9.7	25	0.3	2023-01-03	2026-05-01	THIN		2026-05-02	trailing 3yr
UHS	835	14	7	50	12.6	27.5	-0.6	2023-01-03	2026-05-01	QUALIFY	STAY	2026-05-02	trailing 3yr
AVB	835	2	1	50	10.7	11.7	9.7	2023-01-03	2026-05-01	THIN		2026-05-02	trailing 3yr
INFY	836	6	3	50	9	24.1	-4.3	2023-01-03	2026-05-01	THIN		2026-05-02	trailing 3yr
INCY	835	10	5	50	12.4	28.9	0.6	2023-01-03	2026-05-01	QUALIFY	STAY	2026-05-02	trailing 3yr
IDXX	836	10	5	50	10.3	29.7	-2.8	2023-01-03	2026-05-01	QUALIFY	STAY	2026-05-02	trailing 3yr
DE	836	8	4	50	14.6	36	1.2	2023-01-03	2026-05-01	THIN		2026-05-02	trailing 3yr
DG	835	6	3	50	17.8	41.5	0.9	2023-01-03	2026-05-01	THIN		2026-05-02	trailing 3yr
WEC	835	4	2	50	8.8	16	3.9	2023-01-03	2026-05-01	THIN		2026-05-02	trailing 3yr
WRB	835	10	5	50	10	19.4	0.5	2023-01-03	2026-05-01	QUALIFY	STAY	2026-05-02	trailing 3yr
VRTX	835	10	5	50	8.6	18.5	-2.7	2023-01-03	2026-05-01	QUALIFY	STAY	2026-05-02	trailing 3yr
CMI	835	14	7	50	11.3	27.9	0.7	2023-01-03	2026-05-01	QUALIFY	STAY	2026-05-02	trailing 3yr
CFG	835	16	8	50	10	21.9	-0.2	2023-01-03	2026-05-01	QUALIFY	STAY	2026-05-02	trailing 3yr
DIS	835	8	4	50	9.7	22.2	-1.3	2023-01-03	2026-05-01	THIN		2026-05-02	trailing 3yr
VRSK	835	8	4	50	9.9	21.8	0.5	2023-01-03	2026-05-01	THIN		2026-05-02	trailing 3yr
ARE	835	8	4	50	6.7	14.4	-0.7	2023-01-03	2026-05-01	THIN		2026-05-02	trailing 3yr
JKS	835	18	9	50	14	63.8	-3	2023-01-03	2026-05-01	QUALIFY	STAY	2026-05-02	trailing 3yr
IQV	835	12	6	50	12.2	26.1	-0.1	2023-01-03	2026-05-01	QUALIFY	STAY	2026-05-02	trailing 3yr
IT	835	6	3	50	8.6	18.1	-0.9	2023-01-03	2026-05-01	THIN		2026-05-02	trailing 3yr
ROL	835	8	4	50	9.5	16.5	3.9	2023-01-03	2026-05-01	THIN		2026-05-02	trailing 3yr
EBAY	835	18	9	50	10.8	27	-1.4	2023-01-03	2026-05-01	QUALIFY	STAY	2026-05-02	trailing 3yr
DRI	835	16	8	50	9.2	20.4	-1.1	2023-01-03	2026-05-01	QUALIFY	STAY	2026-05-02	trailing 3yr
MKC	835	8	4	50	6.8	15.5	-3.2	2023-01-03	2026-05-01	THIN		2026-05-02	trailing 3yr
FAST	835	16	8	50	9	16.9	0	2023-01-03	2026-05-01	QUALIFY	STAY	2026-05-02	trailing 3yr
EXE	835	10	5	50	10.5	25.8	0	2023-01-03	2026-05-01	QUALIFY	STAY	2026-05-02	trailing 3yr
NEE	835	6	3	50	10.4	29.5	-1.5	2023-01-03	2026-05-01	THIN		2026-05-02	trailing 3yr
NI	835	6	3	50	7.9	11.4	3.3	2023-01-03	2026-05-01	THIN		2026-05-02	trailing 3yr
NWS	835	10	5	50	10.6	20.9	3.2	2023-01-03	2026-05-01	QUALIFY	STAY	2026-05-02	trailing 3yr
SO	835	4	2	50	9.1	15.1	2.3	2023-01-03	2026-05-01	THIN		2026-05-02	trailing 3yr
LW	835	10	5	50	11.8	23.6	1.1	2023-01-03	2026-05-01	QUALIFY	STAY	2026-05-02	trailing 3yr
LNT	835	2	1	50	7.5	11.6	3.4	2023-01-03	2026-05-01	THIN		2026-05-02	trailing 3yr
SHW	835	6	3	50	9.7	20.6	-0.6	2023-01-03	2026-05-01	THIN		2026-05-02	trailing 3yr
BLDR	835	22	11	50	17.9	53.8	-0.9	2023-01-03	2026-05-01	QUALIFY	STAY	2026-05-02	trailing 3yr
SNPS	835	8	4	50	9.4	20	-0.5	2023-01-03	2026-05-01	THIN		2026-05-02	trailing 3yr
JNJ	835	6	3	50	8.8	17.6	2	2023-01-03	2026-05-01	THIN		2026-05-02	trailing 3yr
XYL	835	6	3	50	11.6	23.5	1.7	2023-01-03	2026-05-01	THIN		2026-05-02	trailing 3yr
XEL	835	6	3	50	7.2	15.1	0.7	2023-01-03	2026-05-01	THIN		2026-05-02	trailing 3yr
AJG	835	8	4	50	9.4	19.1	4.3	2023-01-03	2026-05-01	THIN		2026-05-02	trailing 3yr
PDD	835	19	9	47.4	14	43.2	-1.6	2023-01-03	2026-05-01	QUALIFY	STAY	2026-05-02	trailing 3yr
ABNB	835	17	8	47.1	10.1	37.9	-0.5	2023-01-03	2026-05-01	QUALIFY	STAY	2026-05-02	trailing 3yr
GS	835	17	8	47.1	9.6	24.5	-1.4	2023-01-03	2026-05-01	QUALIFY	STAY	2026-05-02	trailing 3yr
ASAN	835	17	8	47.1	20.3	111.7	-0.6	2023-01-03	2026-05-01	QUALIFY	STAY	2026-05-02	trailing 3yr
ON	835	15	7	46.7	18.4	52.9	-1.6	2023-01-03	2026-05-01	QUALIFY	STAY	2026-05-02	trailing 3yr
FOXA	835	15	7	46.7	9.9	17.5	3.4	2023-01-03	2026-05-01	QUALIFY	STAY	2026-05-02	trailing 3yr
CCL	835	15	7	46.7	19.6	74.8	-2.9	2023-01-03	2026-05-01	QUALIFY	STAY	2026-05-02	trailing 3yr
LEN	835	15	7	46.7	9.6	28.4	-1.8	2023-01-03	2026-05-01	QUALIFY	STAY	2026-05-02	trailing 3yr
OKTA	835	15	7	46.7	12.7	34.1	0.1	2023-01-03	2026-05-01	QUALIFY	STAY	2026-05-02	trailing 3yr
WWD	835	15	7	46.7	13.5	36	1	2023-01-03	2026-05-01	QUALIFY	STAY	2026-05-02	trailing 3yr
ABBV	835	13	6	46.2	9.6	23.4	0.9	2023-01-03	2026-05-01	QUALIFY	STAY	2026-05-02	trailing 3yr
MTB	835	13	6	46.2	8.8	25	-0.8	2023-01-03	2026-05-01	QUALIFY	STAY	2026-05-02	trailing 3yr
PGR	835	13	6	46.2	10.5	24.2	0.3	2023-01-03	2026-05-01	QUALIFY	STAY	2026-05-02	trailing 3yr
MTD	835	13	6	46.2	7.3	16.5	-3.6	2023-01-03	2026-05-01	QUALIFY	STAY	2026-05-02	trailing 3yr
LYV	835	13	6	46.2	13.1	34.7	1.3	2023-01-03	2026-05-01	QUALIFY	STAY	2026-05-02	trailing 3yr
HLT	835	13	6	46.2	9.4	22	-0.2	2023-01-03	2026-05-01	QUALIFY	STAY	2026-05-02	trailing 3yr
TT	835	13	6	46.2	11.5	27.5	0.3	2023-01-03	2026-05-01	QUALIFY	STAY	2026-05-02	trailing 3yr
MKTX	835	11	5	45.5	13.2	33.4	0.4	2023-01-03	2026-05-01	QUALIFY	STAY	2026-05-02	trailing 3yr
ELV	835	11	5	45.5	8.9	24.5	1.7	2023-01-03	2026-05-01	QUALIFY	NEW	2026-05-02	trailing 3yr
LVS	835	11	5	45.5	12.9	33.8	-1.4	2023-01-03	2026-05-01	QUALIFY	STAY	2026-05-02	trailing 3yr
DAY	774	11	5	45.5	12	32.4	-1.7	2023-01-03	2026-02-03	QUALIFY	STAY	2026-05-02	trailing 3yr
ETN	835	22	10	45.5	12.2	31	2	2023-01-03	2026-05-01	QUALIFY	STAY	2026-05-02	trailing 3yr
RF	835	11	5	45.5	8	17.4	-1.7	2023-01-03	2026-05-01	QUALIFY	STAY	2026-05-02	trailing 3yr
QLYS	835	11	5	45.5	10.7	27.1	-1	2023-01-03	2026-05-01	QUALIFY	STAY	2026-05-02	trailing 3yr
MOS	835	11	5	45.5	11.7	35.3	0.2	2023-01-03	2026-05-01	QUALIFY	STAY	2026-05-02	trailing 3yr
JBHT	835	11	5	45.5	9.8	24.2	1.3	2023-01-03	2026-05-01	QUALIFY	STAY	2026-05-02	trailing 3yr
DHI	835	18	8	44.4	13.3	44.6	-2.6	2023-01-03	2026-05-01	QUALIFY	STAY	2026-05-02	trailing 3yr
CTRA	835	9	4	44.4	8.6	19.8	-0.8	2023-01-03	2026-05-01	THIN		2026-05-02	trailing 3yr
MLM	835	9	4	44.4	10.3	20.7	2.2	2023-01-03	2026-05-01	THIN		2026-05-02	trailing 3yr
CRM	835	9	4	44.4	13.7	35.8	0.2	2023-01-03	2026-05-01	THIN		2026-05-02	trailing 3yr
WMB	835	9	4	44.4	9.4	17.4	1.8	2023-01-03	2026-05-01	THIN		2026-05-02	trailing 3yr
FANG	835	9	4	44.4	8.5	22.6	-0.3	2023-01-03	2026-05-01	THIN		2026-05-02	trailing 3yr
TDG	835	9	4	44.4	11.4	18.8	3.2	2023-01-03	2026-05-01	THIN		2026-05-02	trailing 3yr
IFF	835	9	4	44.4	8.9	21	0	2023-01-03	2026-05-01	THIN		2026-05-02	trailing 3yr
NTAP	835	9	4	44.4	9.3	19.2	-0.7	2023-01-03	2026-05-01	THIN		2026-05-02	trailing 3yr
WPP	835	9	4	44.4	8.1	14.7	-1.2	2023-01-03	2026-05-01	THIN		2026-05-02	trailing 3yr
TYL	835	9	4	44.4	8.2	17.7	-1	2023-01-03	2026-05-01	THIN		2026-05-02	trailing 3yr
BA	835	9	4	44.4	11.6	29.3	1.3	2023-01-03	2026-05-01	THIN		2026-05-02	trailing 3yr
SLB	835	9	4	44.4	14.7	40.3	0.1	2023-01-03	2026-05-01	THIN		2026-05-02	trailing 3yr
SF	835	9	4	44.4	8.9	25.4	1.2	2023-01-03	2026-05-01	THIN		2026-05-02	trailing 3yr
FDX	835	16	7	43.8	15.7	40.4	0.1	2023-01-03	2026-05-01	QUALIFY	STAY	2026-05-02	trailing 3yr
SWK	835	16	7	43.8	8.9	21.2	-2.6	2023-01-03	2026-05-01	QUALIFY	STAY	2026-05-02	trailing 3yr
CDNS	835	14	6	42.9	10.1	20.9	1.9	2023-01-03	2026-05-01	QUALIFY	NEW	2026-05-02	trailing 3yr
MRSH	835	7	3	42.9	7.7	15	3.1	2023-01-03	2026-05-01	THIN		2026-05-02	trailing 3yr
FISV	835	7	3	42.9	9.1	24.9	1.6	2023-01-03	2026-05-01	THIN		2026-05-02	trailing 3yr
NKE	835	7	3	42.9	10	23.6	0.9	2023-01-03	2026-05-01	THIN		2026-05-02	trailing 3yr
UNP	835	7	3	42.9	7.6	15.6	-2.2	2023-01-03	2026-05-01	THIN		2026-05-02	trailing 3yr
KR	835	7	3	42.9	8	14.5	-1.3	2023-01-03	2026-05-01	THIN		2026-05-02	trailing 3yr
HDB	835	7	3	42.9	9.2	29	-0.4	2023-01-03	2026-05-01	THIN		2026-05-02	trailing 3yr
LII	835	14	6	42.9	8.9	25.8	-1.1	2023-01-03	2026-05-01	QUALIFY	STAY	2026-05-02	trailing 3yr
SCHW	835	14	6	42.9	8.2	28.5	-6.5	2023-01-03	2026-05-01	QUALIFY	STAY	2026-05-02	trailing 3yr
SOLV	508	7	3	42.9	9.3	28	-0.7	2024-04-23	2026-05-01	THIN		2026-05-02	trailing 3yr
HUBS	835	14	6	42.9	13.8	35.2	-0.1	2023-01-03	2026-05-01	QUALIFY	STAY	2026-05-02	trailing 3yr
LYB	835	7	3	42.9	17.6	61.9	0.3	2023-01-03	2026-05-01	THIN		2026-05-02	trailing 3yr
DOV	835	7	3	42.9	9	17.7	1.9	2023-01-03	2026-05-01	THIN		2026-05-02	trailing 3yr
EFX	836	7	3	42.9	12	27	1.7	2023-01-03	2026-05-01	THIN		2026-05-02	trailing 3yr
HUM	835	12	5	41.7	10.7	22.6	0.6	2023-01-03	2026-05-01	QUALIFY	NEW	2026-05-02	trailing 3yr
PNC	835	12	5	41.7	10	30.3	-1.6	2023-01-03	2026-05-01	QUALIFY	STAY	2026-05-02	trailing 3yr
MAR	835	12	5	41.7	8.5	14.7	-0.3	2023-01-03	2026-05-01	QUALIFY	STAY	2026-05-02	trailing 3yr
RVTY	835	12	5	41.7	7.3	19	-1.5	2023-01-03	2026-05-01	QUALIFY	STAY	2026-05-02	trailing 3yr
EL	835	12	5	41.7	14.8	43.3	-1.1	2023-01-03	2026-05-01	QUALIFY	STAY	2026-05-02	trailing 3yr
WYNN	835	12	5	41.7	10.9	34	1.8	2023-01-03	2026-05-01	QUALIFY	STAY	2026-05-02	trailing 3yr
FITB	835	12	5	41.7	10.5	29.3	-0.2	2023-01-03	2026-05-01	QUALIFY	STAY	2026-05-02	trailing 3yr
MTCH	835	12	5	41.7	10.8	22.1	-1.1	2023-01-03	2026-05-01	QUALIFY	STAY	2026-05-02	trailing 3yr
EMR	835	12	5	41.7	9.2	23.2	1.1	2023-01-03	2026-05-01	QUALIFY	STAY	2026-05-02	trailing 3yr
AAPL	835	15	6	40	9	28.1	0.6	2023-01-03	2026-05-01	QUALIFY	STAY	2026-05-02	trailing 3yr
TRI	835	5	2	40	9	14.4	1.9	2023-01-03	2026-05-01	THIN		2026-05-02	trailing 3yr
UNH	835	10	4	40	10.3	21.9	-0.6	2023-01-03	2026-05-01	QUALIFY	STAY	2026-05-02	trailing 3yr
HSY	835	10	4	40	8.2	23.1	-0.3	2023-01-03	2026-05-01	QUALIFY	STAY	2026-05-02	trailing 3yr
WDAY	835	10	4	40	9.1	14.7	3.1	2023-01-03	2026-05-01	QUALIFY	STAY	2026-05-02	trailing 3yr
AON	835	5	2	40	6	14.3	-0.6	2023-01-03	2026-05-01	THIN		2026-05-02	trailing 3yr
AME	835	5	2	40	11.5	20.6	5.1	2023-01-03	2026-05-01	THIN		2026-05-02	trailing 3yr
WAB	835	10	4	40	8.5	19.9	-1.4	2023-01-03	2026-05-01	QUALIFY	STAY	2026-05-02	trailing 3yr
PAYX	835	5	2	40	5.8	11.8	0.6	2023-01-03	2026-05-01	THIN		2026-05-02	trailing 3yr
FIS	835	10	4	40	8.3	15.7	1.5	2023-01-03	2026-05-01	QUALIFY	STAY	2026-05-02	trailing 3yr
TEL	835	10	4	40	9.1	36.9	0.8	2023-01-03	2026-05-01	QUALIFY	STAY	2026-05-02	trailing 3yr
PSKY	835	15	6	40	8.4	26.1	-3.5	2023-01-03	2026-05-01	QUALIFY	STAY	2026-05-02	trailing 3yr
CNP	835	5	2	40	6.8	13	2.1	2023-01-03	2026-05-01	THIN		2026-05-02	trailing 3yr
CSX	835	5	2	40	8.2	15.8	3.2	2023-01-03	2026-05-01	THIN		2026-05-02	trailing 3yr
PSX	835	10	4	40	8.9	18.7	0.4	2023-01-03	2026-05-01	QUALIFY	STAY	2026-05-02	trailing 3yr
IRM	835	15	6	40	11.5	31.8	0.3	2023-01-03	2026-05-01	QUALIFY	STAY	2026-05-02	trailing 3yr
RMD	835	15	6	40	8.4	23.1	-5.8	2023-01-03	2026-05-01	QUALIFY	STAY	2026-05-02	trailing 3yr
NTRS	835	10	4	40	8.5	23.3	-1.5	2023-01-03	2026-05-01	QUALIFY	STAY	2026-05-02	trailing 3yr
FER	835	23	9	39.1	9.2	25.6	0	2023-01-03	2026-05-01	WATCH		2026-05-02	trailing 3yr
FERG	835	13	5	38.5	12.6	38.5	-0.7	2023-01-03	2026-05-01	WATCH		2026-05-02	trailing 3yr
DLR	835	13	5	38.5	9.5	25.7	-1.5	2023-01-03	2026-05-01	WATCH		2026-05-02	trailing 3yr
CBRE	835	13	5	38.5	9.8	20.7	2.2	2023-01-03	2026-05-01	WATCH		2026-05-02	trailing 3yr
BALL	835	13	5	38.5	9	26.6	0.5	2023-01-03	2026-05-01	WATCH		2026-05-02	trailing 3yr
MCD	835	8	3	37.5	7.8	17.8	0.3	2023-01-03	2026-05-01	THIN		2026-05-02	trailing 3yr
TAP	835	8	3	37.5	9.8	27.6	-0.5	2023-01-03	2026-05-01	THIN		2026-05-02	trailing 3yr
A	835	8	3	37.5	8.5	25.5	0	2023-01-03	2026-05-01	THIN		2026-05-02	trailing 3yr
BIIB	835	8	3	37.5	7.8	22.1	0.5	2023-01-03	2026-05-01	THIN		2026-05-02	trailing 3yr
MRK	835	8	3	37.5	8.2	28.3	-0.4	2023-01-03	2026-05-01	THIN		2026-05-02	trailing 3yr
RJF	835	8	3	37.5	11.9	30.9	0.3	2023-01-03	2026-05-01	THIN		2026-05-02	trailing 3yr
ACN	835	8	3	37.5	5.9	14.1	-0.5	2023-01-03	2026-05-01	THIN		2026-05-02	trailing 3yr
TXN	835	8	3	37.5	9.6	30.6	-2.1	2023-01-03	2026-05-01	THIN		2026-05-02	trailing 3yr
CAH	835	19	7	36.8	8.5	24.6	-0.3	2023-01-03	2026-05-01	WATCH		2026-05-02	trailing 3yr
GMS	669	11	4	36.4	16.1	52.6	2.1	2023-01-03	2025-09-03	WATCH		2026-05-02	trailing 3yr
TRMB	835	11	4	36.4	8	31.3	-2.3	2023-01-03	2026-05-01	WATCH		2026-05-02	trailing 3yr
TSCO	835	11	4	36.4	7.1	18.7	-1.5	2023-01-03	2026-05-01	WATCH		2026-05-02	trailing 3yr
GL	835	11	4	36.4	9.7	19.4	2.3	2023-01-03	2026-05-01	WATCH		2026-05-02	trailing 3yr
COO	835	11	4	36.4	7.9	20.3	-0.6	2023-01-03	2026-05-01	WATCH		2026-05-02	trailing 3yr
BMY	835	11	4	36.4	7.5	20.7	-2.5	2023-01-03	2026-05-01	WATCH		2026-05-02	trailing 3yr
SYK	835	14	5	35.7	8.5	24.8	-0.8	2023-01-03	2026-05-01	WATCH		2026-05-02	trailing 3yr
ALGN	835	14	5	35.7	9.5	43.7	-0.7	2023-01-03	2026-05-01	WATCH		2026-05-02	trailing 3yr
HCA	835	14	5	35.7	9.6	24.2	1.3	2023-01-03	2026-05-01	WATCH		2026-05-02	trailing 3yr
MS	835	14	5	35.7	9.6	25.6	1.3	2023-01-03	2026-05-01	WATCH		2026-05-02	trailing 3yr
CF	835	17	6	35.3	13.1	49.8	-0.1	2023-01-03	2026-05-01	WATCH		2026-05-02	trailing 3yr
PAYC	835	17	6	35.3	8.5	22.4	-5.5	2023-01-03	2026-05-01	WATCH		2026-05-02	trailing 3yr
FCX	835	17	6	35.3	10.7	52.3	-2	2023-01-03	2026-05-01	WATCH		2026-05-02	trailing 3yr
AIZ	835	9	3	33.3	9.5	17.5	1.7	2023-01-03	2026-05-01	THIN		2026-05-02	trailing 3yr
ADP	835	6	2	33.3	5.8	12	0.9	2023-01-03	2026-05-01	THIN		2026-05-02	trailing 3yr
ADI	835	9	3	33.3	11.5	38.1	-0.8	2023-01-03	2026-05-01	THIN		2026-05-02	trailing 3yr
ADM	835	9	3	33.3	9.1	18.7	4.1	2023-01-03	2026-05-01	THIN		2026-05-02	trailing 3yr
NDAQ	835	9	3	33.3	7	15.1	0.9	2023-01-03	2026-05-01	THIN		2026-05-02	trailing 3yr
PFG	835	9	3	33.3	8.1	18.2	-0.4	2023-01-03	2026-05-01	THIN		2026-05-02	trailing 3yr
HOLX	816	6	2	33.3	5.3	11	1.1	2023-01-03	2026-04-06	THIN		2026-05-02	trailing 3yr
CZR	835	12	4	33.3	8.4	19.3	-0.5	2023-01-03	2026-05-01	WATCH		2026-05-02	trailing 3yr
HD	835	6	2	33.3	7.5	16	0.3	2023-01-03	2026-05-01	THIN		2026-05-02	trailing 3yr
CMCSA	835	6	2	33.3	7.6	14.5	2.6	2023-01-03	2026-05-01	THIN		2026-05-02	trailing 3yr
MCO	835	9	3	33.3	6.9	19.5	-0.9	2023-01-03	2026-05-01	THIN		2026-05-02	trailing 3yr
MCHP	835	12	4	33.3	12.8	53.2	-1.5	2023-01-03	2026-05-01	WATCH		2026-05-02	trailing 3yr
EXC	835	3	1	33.3	4.7	11.8	0.3	2023-01-03	2026-05-01	THIN		2026-05-02	trailing 3yr
BLK	835	9	3	33.3	7.1	16.4	-2.6	2023-01-03	2026-05-01	THIN		2026-05-02	trailing 3yr
SPG	835	6	2	33.3	11.5	26.6	5.3	2023-01-03	2026-05-01	THIN		2026-05-02	trailing 3yr
GEN	835	9	3	33.3	8.1	25.2	-3.9	2023-01-03	2026-05-01	THIN		2026-05-02	trailing 3yr
JCI	835	9	3	33.3	9.1	25.1	1	2023-01-03	2026-05-01	THIN		2026-05-02	trailing 3yr
JPM	835	6	2	33.3	8.4	25.3	0	2023-01-03	2026-05-01	THIN		2026-05-02	trailing 3yr
SBUX	835	12	4	33.3	11.3	31.7	3.9	2023-01-03	2026-05-01	WATCH		2026-05-02	trailing 3yr
CINF	835	9	3	33.3	5.1	11.2	-1.5	2023-01-03	2026-05-01	THIN		2026-05-02	trailing 3yr
PEG	835	3	1	33.3	9.9	19.6	3.8	2023-01-03	2026-05-01	THIN		2026-05-02	trailing 3yr
EA	835	12	4	33.3	7.6	20.5	0.3	2023-01-03	2026-05-01	WATCH		2026-05-02	trailing 3yr
MSI	835	9	3	33.3	9	21	1	2023-01-03	2026-05-01	THIN		2026-05-02	trailing 3yr
MNST	835	9	3	33.3	8.6	17.5	-0.4	2023-01-03	2026-05-01	THIN		2026-05-02	trailing 3yr
AWK	835	9	3	33.3	6.1	14.5	1.3	2023-01-03	2026-05-01	THIN		2026-05-02	trailing 3yr
APD	835	6	2	33.3	10.2	19.3	4.3	2023-01-03	2026-05-01	THIN		2026-05-02	trailing 3yr
AOS	835	9	3	33.3	6.9	19.3	-0.9	2023-01-03	2026-05-01	THIN		2026-05-02	trailing 3yr
AVY	835	3	1	33.3	4.6	10.3	1.5	2023-01-03	2026-05-01	THIN		2026-05-02	trailing 3yr
APO	835	12	4	33.3	12.1	43.5	1.1	2023-01-03	2026-05-01	WATCH		2026-05-02	trailing 3yr
WFC	835	15	5	33.3	7.1	26.8	-0.8	2023-01-03	2026-05-01	WATCH		2026-05-02	trailing 3yr
HPQ	835	6	2	33.3	11.2	24.8	2.4	2023-01-03	2026-05-01	THIN		2026-05-02	trailing 3yr
HSIC	835	12	4	33.3	6.1	14.2	-2	2023-01-03	2026-05-01	WATCH		2026-05-02	trailing 3yr
AMCR	835	9	3	33.3	8.6	19.8	-2.5	2023-01-03	2026-05-01	THIN		2026-05-02	trailing 3yr
AMP	835	6	2	33.3	8.3	19.5	0.9	2023-01-03	2026-05-01	THIN		2026-05-02	trailing 3yr
V	835	3	1	33.3	8.5	14.3	3.3	2023-01-03	2026-05-01	THIN		2026-05-02	trailing 3yr
VICI	835	3	1	33.3	4.9	10.7	2	2023-01-03	2026-05-01	THIN		2026-05-02	trailing 3yr
WELL	835	16	5	31.2	9.4	19.6	3.3	2023-01-03	2026-05-01	WATCH		2026-05-02	trailing 3yr
MAS	835	16	5	31.2	8	23.5	-2.2	2023-01-03	2026-05-01	WATCH		2026-05-02	trailing 3yr
PCAR	835	13	4	30.8	7.2	23.4	-2.3	2023-01-03	2026-05-01	WATCH		2026-05-02	trailing 3yr
VTRS	835	13	4	30.8	9.7	37.9	-0.2	2023-01-03	2026-05-01	WATCH		2026-05-02	trailing 3yr
ZM	835	13	4	30.8	8.3	28.7	-0.9	2023-01-03	2026-05-01	WATCH		2026-05-02	trailing 3yr
IBM	835	13	4	30.8	6.9	27.8	0.3	2023-01-03	2026-05-01	WATCH		2026-05-02	trailing 3yr
VZ	835	10	3	30	8.1	26.5	0.7	2023-01-03	2026-05-01	WATCH		2026-05-02	trailing 3yr
BEN	835	10	3	30	8.6	21.2	-1.3	2023-01-03	2026-05-01	WATCH		2026-05-02	trailing 3yr
ICE	835	10	3	30	7.3	11.9	0.6	2023-01-03	2026-05-01	WATCH		2026-05-02	trailing 3yr
AMTD	835	10	3	30	6.6	19	-0.9	2023-01-03	2026-05-01	WATCH		2026-05-02	trailing 3yr
TXT	835	10	3	30	7.2	21.5	0.8	2023-01-03	2026-05-01	WATCH		2026-05-02	trailing 3yr
TRV	835	10	3	30	6.3	16.4	0.9	2023-01-03	2026-05-01	WATCH		2026-05-02	trailing 3yr
KEYS	835	10	3	30	13.6	55.1	0.9	2023-01-03	2026-05-01	WATCH		2026-05-02	trailing 3yr
INTU	835	10	3	30	10.5	27.9	0.3	2023-01-03	2026-05-01	WATCH		2026-05-02	trailing 3yr
AMGN	835	10	3	30	8.5	13.6	-0.4	2023-01-03	2026-05-01	WATCH		2026-05-02	trailing 3yr
LMT	835	7	2	28.6	8.5	22.8	1.8	2023-01-03	2026-05-01	THIN		2026-05-02	trailing 3yr
DVN	835	7	2	28.6	10.2	28.2	3.7	2023-01-03	2026-05-01	THIN		2026-05-02	trailing 3yr
CVS	835	14	4	28.6	7.5	35.1	-2	2023-01-03	2026-05-01	BELOW		2026-05-02	trailing 3yr
ESS	835	7	2	28.6	5.7	17.7	0.2	2023-01-03	2026-05-01	THIN		2026-05-02	trailing 3yr
LOW	835	7	2	28.6	8.5	18.9	-0.8	2023-01-03	2026-05-01	THIN		2026-05-02	trailing 3yr
ED	835	7	2	28.6	8.6	17.8	5	2023-01-03	2026-05-01	THIN		2026-05-02	trailing 3yr
ENPH	835	14	4	28.6	13.2	64.7	-3.4	2023-01-03	2026-05-01	BELOW		2026-05-02	trailing 3yr
ECL	835	7	2	28.6	8.7	14.1	3	2023-01-03	2026-05-01	THIN		2026-05-02	trailing 3yr
PKG	835	7	2	28.6	6.4	15.2	1.6	2023-01-03	2026-05-01	THIN		2026-05-02	trailing 3yr
DGX	835	7	2	28.6	8.3	12.5	3.5	2023-01-03	2026-05-01	THIN		2026-05-02	trailing 3yr
DOC	835	7	2	28.6	7	17.7	0.2	2023-01-03	2026-05-01	THIN		2026-05-02	trailing 3yr
EXR	835	7	2	28.6	8.3	26.4	0.4	2023-01-03	2026-05-01	THIN		2026-05-02	trailing 3yr
STT	835	7	2	28.6	9.9	20.4	1	2023-01-03	2026-05-01	THIN		2026-05-02	trailing 3yr
GD	835	7	2	28.6	6.9	17.6	2.4	2023-01-03	2026-05-01	THIN		2026-05-02	trailing 3yr
OMC	835	7	2	28.6	5.5	10.7	0.5	2023-01-03	2026-05-01	THIN		2026-05-02	trailing 3yr
ORLY	835	11	3	27.3	7.6	15.7	0.3	2023-01-03	2026-05-01	BELOW		2026-05-02	trailing 3yr
BAC	835	11	3	27.3	6.9	15.9	-0.2	2023-01-03	2026-05-01	BELOW		2026-05-02	trailing 3yr
CB	835	11	3	27.3	7.7	13	3.6	2023-01-03	2026-05-01	BELOW		2026-05-02	trailing 3yr
STE	835	11	3	27.3	6.3	13.4	-0.8	2023-01-03	2026-05-01	BELOW		2026-05-02	trailing 3yr
GPN	835	11	3	27.3	6.4	15.2	-3.6	2023-01-03	2026-05-01	BELOW		2026-05-02	trailing 3yr
APTV	835	11	3	27.3	5.6	14.6	-1.2	2023-01-03	2026-05-01	BELOW		2026-05-02	trailing 3yr
HBAN	835	11	3	27.3	7.5	16.8	-0.1	2023-01-03	2026-05-01	BELOW		2026-05-02	trailing 3yr
CSGP	835	11	3	27.3	7.8	19.3	1.6	2023-01-03	2026-05-01	BELOW		2026-05-02	trailing 3yr
ALL	835	11	3	27.3	7.1	26.5	0.5	2023-01-03	2026-05-01	BELOW		2026-05-02	trailing 3yr
TECH	835	15	4	26.7	7.1	19.8	-2.8	2023-01-03	2026-05-01	BELOW		2026-05-02	trailing 3yr
WAT	835	15	4	26.7	7.4	24.6	-1.2	2023-01-03	2026-05-01	BELOW		2026-05-02	trailing 3yr
KMX	835	15	4	26.7	8.1	24.9	-1.6	2023-01-03	2026-05-01	BELOW		2026-05-02	trailing 3yr
MGM	835	19	5	26.3	7.8	21.5	-1.4	2023-01-03	2026-05-01	BELOW		2026-05-02	trailing 3yr
VLTO	632	4	1	25	9.8	16.6	6.6	2023-10-24	2026-05-01	THIN		2026-05-02	trailing 3yr
XOM	835	8	2	25	9	31.4	-0.6	2023-01-03	2026-05-01	THIN		2026-05-02	trailing 3yr
ACGL	835	12	3	25	6.7	14.4	0.1	2023-01-03	2026-05-01	BELOW		2026-05-02	trailing 3yr
UPS	835	4	1	25	5.2	12.2	0.9	2023-01-03	2026-05-01	THIN		2026-05-02	trailing 3yr
KO	835	4	1	25	6.7	10.9	3.2	2023-01-03	2026-05-01	THIN		2026-05-02	trailing 3yr
SRE	835	4	1	25	5.9	13.8	0.6	2023-01-03	2026-05-01	THIN		2026-05-02	trailing 3yr
BRK.B	835	4	1	25	5.1	10.9	-0.9	2023-01-03	2026-05-01	THIN		2026-05-02	trailing 3yr
MSCI	835	8	2	25	5.2	14	-0.7	2023-01-03	2026-05-01	THIN		2026-05-02	trailing 3yr
MO	835	8	2	25	8.2	16.2	1.3	2023-01-03	2026-05-01	THIN		2026-05-02	trailing 3yr
NXPI	835	8	2	25	6.9	21.6	-1.5	2023-01-03	2026-05-01	THIN		2026-05-02	trailing 3yr
PRU	835	4	1	25	7	11.2	1	2023-01-03	2026-05-01	THIN		2026-05-02	trailing 3yr
PNW	835	4	1	25	5.6	11.3	1.3	2023-01-03	2026-05-01	THIN		2026-05-02	trailing 3yr
PPG	835	4	1	25	8.5	13.8	5.1	2023-01-03	2026-05-01	THIN		2026-05-02	trailing 3yr
FTV	835	4	1	25	6.2	17.2	0.6	2023-01-03	2026-05-01	THIN		2026-05-02	trailing 3yr
PLD	835	4	1	25	8.8	14.4	5.8	2023-01-03	2026-05-01	THIN		2026-05-02	trailing 3yr
TDY	835	8	2	25	7.2	22.4	0.6	2023-01-03	2026-05-01	THIN		2026-05-02	trailing 3yr
MAA	835	4	1	25	6.9	11	3.8	2023-01-03	2026-05-01	THIN		2026-05-02	trailing 3yr
DPZ	835	8	2	25	7.2	17.8	1.2	2023-01-03	2026-05-01	THIN		2026-05-02	trailing 3yr
DVA	835	16	4	25	9.6	35.2	1.7	2023-01-03	2026-05-01	BELOW		2026-05-02	trailing 3yr
PYPL	835	12	3	25	8.5	34.9	-0.5	2023-01-03	2026-05-01	BELOW		2026-05-02	trailing 3yr
CVX	835	4	1	25	10.4	32.6	2.3	2023-01-03	2026-05-01	THIN		2026-05-02	trailing 3yr
EW	835	16	4	25	6.4	20.6	-1	2023-01-03	2026-05-01	BELOW		2026-05-02	trailing 3yr
D	835	4	1	25	5.7	10.3	1.2	2023-01-03	2026-05-01	THIN		2026-05-02	trailing 3yr
HON	835	8	2	25	7.3	13.2	2	2023-01-03	2026-05-01	THIN		2026-05-02	trailing 3yr
HST	835	13	3	23.1	6.9	22.8	-2.4	2023-01-03	2026-05-01	BELOW		2026-05-02	trailing 3yr
WST	835	13	3	23.1	10.1	44.1	-3.2	2023-01-03	2026-05-01	BELOW		2026-05-02	trailing 3yr
ROK	835	13	3	23.1	6.1	21.6	-2.2	2023-01-03	2026-05-01	BELOW		2026-05-02	trailing 3yr
REGN	835	13	3	23.1	7.3	26.1	-3.6	2023-01-03	2026-05-01	BELOW		2026-05-02	trailing 3yr
ADSK	835	9	2	22.2	6.9	32.6	0.1	2023-01-03	2026-05-01	THIN		2026-05-02	trailing 3yr
VTR	835	9	2	22.2	8.5	22.4	1.8	2023-01-03	2026-05-01	THIN		2026-05-02	trailing 3yr
WIT	835	9	2	22.2	6.2	21.1	-1	2023-01-03	2026-05-01	THIN		2026-05-02	trailing 3yr
VMC	835	9	2	22.2	7.4	19.6	-1.2	2023-01-03	2026-05-01	THIN		2026-05-02	trailing 3yr
BBY	835	9	2	22.2	6.6	18.1	0	2023-01-03	2026-05-01	THIN		2026-05-02	trailing 3yr
EQIX	835	9	2	22.2	7	16.4	0.2	2023-01-03	2026-05-01	THIN		2026-05-02	trailing 3yr
CI	835	9	2	22.2	7	17.4	-0.2	2023-01-03	2026-05-01	THIN		2026-05-02	trailing 3yr
FDS	835	9	2	22.2	8	17	1	2023-01-03	2026-05-01	THIN		2026-05-02	trailing 3yr
AEP	835	9	2	22.2	7.9	12.9	3.9	2023-01-03	2026-05-01	THIN		2026-05-02	trailing 3yr
TSN	835	14	3	21.4	5.7	15	-0.8	2023-01-03	2026-05-01	BELOW		2026-05-02	trailing 3yr
TENB	835	10	2	20	5.3	14.1	-6.9	2023-01-03	2026-05-01	BELOW		2026-05-02	trailing 3yr
DUK	835	5	1	20	7.1	15.1	2.3	2023-01-03	2026-05-01	THIN		2026-05-02	trailing 3yr
CHKP	835	5	1	20	6.9	22.6	-5.6	2023-01-03	2026-05-01	THIN		2026-05-02	trailing 3yr
IP	835	10	2	20	6.3	18.7	-0.4	2023-01-03	2026-05-01	BELOW		2026-05-02	trailing 3yr
DHR	835	5	1	20	6.9	15.4	0.3	2023-01-03	2026-05-01	THIN		2026-05-02	trailing 3yr
EXPD	836	5	1	20	8	18.7	0.7	2023-01-03	2026-05-01	THIN		2026-05-02	trailing 3yr
NDSN	835	5	1	20	7.5	14.1	1.6	2023-01-03	2026-05-01	THIN		2026-05-02	trailing 3yr
J	835	5	1	20	6.2	13.2	2.9	2023-01-03	2026-05-01	THIN		2026-05-02	trailing 3yr
GIS	835	5	1	20	5.5	13.6	-4.5	2023-01-03	2026-05-01	THIN		2026-05-02	trailing 3yr
CPT	836	5	1	20	5.8	13.2	-0.5	2023-01-03	2026-05-01	THIN		2026-05-02	trailing 3yr
OXY	835	5	1	20	8.1	26.3	-0.2	2023-01-03	2026-05-01	THIN		2026-05-02	trailing 3yr
DXC	835	16	3	18.8	6.3	18.3	-3.4	2023-01-03	2026-05-01	BELOW		2026-05-02	trailing 3yr
STZ	835	11	2	18.2	5.8	17.4	0.3	2023-01-03	2026-05-01	BELOW		2026-05-02	trailing 3yr
SPGI	835	6	1	16.7	5.9	13.8	0.2	2023-01-03	2026-05-01	THIN		2026-05-02	trailing 3yr
AEE	835	6	1	16.7	7.4	15	1.6	2023-01-03	2026-05-01	THIN		2026-05-02	trailing 3yr
SYY	835	6	1	16.7	5	11	-0.5	2023-01-03	2026-05-01	THIN		2026-05-02	trailing 3yr
KVUE	732	6	1	16.7	7.4	13.4	3.6	2023-06-01	2026-05-01	THIN		2026-05-02	trailing 3yr
FRT	835	6	1	16.7	4.5	12.1	0.7	2023-01-03	2026-05-01	THIN		2026-05-02	trailing 3yr
WY	835	6	1	16.7	6.5	16.4	0.2	2023-01-03	2026-05-01	THIN		2026-05-02	trailing 3yr
F	835	12	2	16.7	5.9	14.6	-0.1	2023-01-03	2026-05-01	BELOW		2026-05-02	trailing 3yr
PTC	835	6	1	16.7	4.5	11.3	0.7	2023-01-03	2026-05-01	THIN		2026-05-02	trailing 3yr
DEA	835	6	1	16.7	5.3	19.4	-1.5	2023-01-03	2026-05-01	THIN		2026-05-02	trailing 3yr
TMO	835	12	2	16.7	5.8	19.6	-2.2	2023-01-03	2026-05-01	BELOW		2026-05-02	trailing 3yr
UDR	835	6	1	16.7	3.2	10.9	-0.3	2023-01-03	2026-05-01	THIN		2026-05-02	trailing 3yr
BAX	835	12	2	16.7	5.9	12.7	-1.3	2023-01-03	2026-05-01	BELOW		2026-05-02	trailing 3yr
IEX	835	6	1	16.7	9.3	21.7	3.4	2023-01-03	2026-05-01	THIN		2026-05-02	trailing 3yr
MDLZ	835	6	1	16.7	5.3	11.4	1	2023-01-03	2026-05-01	THIN		2026-05-02	trailing 3yr
CTSH	835	6	1	16.7	7.3	19	1.2	2023-01-03	2026-05-01	THIN		2026-05-02	trailing 3yr
CHD	835	6	1	16.7	5.5	15.6	1.2	2023-01-03	2026-05-01	THIN		2026-05-02	trailing 3yr
KDP	835	12	2	16.7	3.5	11.9	-1.1	2023-01-03	2026-05-01	BELOW		2026-05-02	trailing 3yr
WTW	835	6	1	16.7	7.6	19	2.1	2023-01-03	2026-05-01	THIN		2026-05-02	trailing 3yr
JKHY	835	6	1	16.7	7.4	16.2	-0.8	2023-01-03	2026-05-01	THIN		2026-05-02	trailing 3yr
KHC	835	6	1	16.7	4.7	10.7	0.1	2023-01-03	2026-05-01	THIN		2026-05-02	trailing 3yr
IPG	729	6	1	16.7	3.5	11.6	-3.1	2023-01-03	2025-11-26	THIN		2026-05-02	trailing 3yr
LPLA	835	13	2	15.4	6.7	38.2	1.1	2023-01-03	2026-05-01	BELOW		2026-05-02	trailing 3yr
AZO	835	13	2	15.4	6.4	17	-0.2	2023-01-03	2026-05-01	BELOW		2026-05-02	trailing 3yr
PCG	835	7	1	14.3	5.7	11.3	0.4	2023-01-03	2026-05-01	THIN		2026-05-02	trailing 3yr
ABT	835	7	1	14.3	7.3	14.4	0.2	2023-01-03	2026-05-01	THIN		2026-05-02	trailing 3yr
NSC	835	7	1	14.3	5.1	13.9	0.7	2023-01-03	2026-05-01	THIN		2026-05-02	trailing 3yr
EPAM	835	14	2	14.3	8	39.7	-1.7	2023-01-03	2026-05-01	BELOW		2026-05-02	trailing 3yr
POOL	835	7	1	14.3	5.7	17.4	1.5	2023-01-03	2026-05-01	THIN		2026-05-02	trailing 3yr
CDW	835	7	1	14.3	4.4	10.5	-1.2	2023-01-03	2026-05-01	THIN		2026-05-02	trailing 3yr
BR	835	7	1	14.3	4.2	12.4	0.6	2023-01-03	2026-05-01	THIN		2026-05-02	trailing 3yr
SJM	835	7	1	14.3	4.4	12.1	0	2023-01-03	2026-05-01	THIN		2026-05-02	trailing 3yr
ZTS	835	14	2	14.3	5.5	15.3	0.4	2023-01-03	2026-05-01	BELOW		2026-05-02	trailing 3yr
AIG	835	7	1	14.3	5.1	10.1	0.3	2023-01-03	2026-05-01	THIN		2026-05-02	trailing 3yr
AFL	835	7	1	14.3	6.7	16.1	-0.7	2023-01-03	2026-05-01	THIN		2026-05-02	trailing 3yr
CCI	835	7	1	14.3	5.4	13.9	-2.1	2023-01-03	2026-05-01	THIN		2026-05-02	trailing 3yr
CL	835	7	1	14.3	4.8	11.4	-1.5	2023-01-03	2026-05-01	THIN		2026-05-02	trailing 3yr
EOG	835	7	1	14.3	5.3	16.5	-2.2	2023-01-03	2026-05-01	THIN		2026-05-02	trailing 3yr
CCEP	835	8	1	12.5	4.8	11.4	0.4	2023-01-03	2026-05-01	THIN		2026-05-02	trailing 3yr
O	835	8	1	12.5	6.1	11	0.7	2023-01-03	2026-05-01	THIN		2026-05-02	trailing 3yr
PFE	835	8	1	12.5	5	13	-3.4	2023-01-03	2026-05-01	THIN		2026-05-02	trailing 3yr
EG	835	8	1	12.5	5.3	10.8	-0.3	2023-01-03	2026-05-01	THIN		2026-05-02	trailing 3yr
BF.B	835	8	1	12.5	5.3	13.3	-0.4	2023-01-03	2026-05-01	THIN		2026-05-02	trailing 3yr
TJX	835	8	1	12.5	6.7	18.5	-0.1	2023-01-03	2026-05-01	THIN		2026-05-02	trailing 3yr
DD	835	9	1	11.1	6	18.2	-0.3	2023-01-03	2026-05-01	THIN		2026-05-02	trailing 3yr
EMN	835	9	1	11.1	4.4	11.8	-0.3	2023-01-03	2026-05-01	THIN		2026-05-02	trailing 3yr
WM	835	10	1	10	6.4	14	0.2	2023-01-03	2026-05-01	BELOW		2026-05-02	trailing 3yr
MDT	835	11	1	9.1	3.9	11	-0.4	2023-01-03	2026-05-01	BELOW		2026-05-02	trailing 3yr
OTIS	835	6	0	0	3.1	5.8	1.5	2023-01-03	2026-05-01	THIN		2026-05-02	trailing 3yr
DTE	835	2	0	0	5.8	6.3	5.4	2023-01-03	2026-05-01	THIN		2026-05-02	trailing 3yr
TROW	835	5	0	0	4	8.2	-2.1	2023-01-03	2026-05-01	THIN		2026-05-02	trailing 3yr
ARES	46	1	0	0	9.3	9.3	9.3	2025-12-03	2026-02-09	THIN		2026-05-02	trailing 3yr
HRL	835	6	0	0	4.2	8.9	-1.3	2023-01-03	2026-05-01	THIN		2026-05-02	trailing 3yr
BDX	835	6	0	0	4.1	10	-0.3	2023-01-03	2026-05-01	THIN		2026-05-02	trailing 3yr
EVRG	835	3	0	0	3.2	4.5	1.2	2023-01-03	2026-05-01	THIN		2026-05-02	trailing 3yr
FE	835	4	0	0	3.4	6.3	0.3	2023-01-03	2026-05-01	THIN		2026-05-02	trailing 3yr
EQR	835	1	0	0	10	10	10	2023-01-03	2026-05-01	THIN		2026-05-02	trailing 3yr
PSA	835	6	0	0	5	9.5	1.7	2023-01-03	2026-05-01	THIN		2026-05-02	trailing 3yr
LKQ	835	6	0	0	4.6	9.3	0.9	2023-01-03	2026-05-01	THIN		2026-05-02	trailing 3yr
PEP	835	5	0	0	2.6	6.6	-0.6	2023-01-03	2026-05-01	THIN		2026-05-02	trailing 3yr
ES	835	4	0	0	6.2	8.4	3.7	2023-01-03	2026-05-01	THIN		2026-05-02	trailing 3yr
PG	835	1	0	0	4.1	4.1	4.1	2023-01-03	2026-05-01	THIN		2026-05-02	trailing 3yr
PPL	835	7	0	0	5.9	9.1	-0.4	2023-01-03	2026-05-01	THIN		2026-05-02	trailing 3yr
MET	835	4	0	0	5.3	9.2	1.2	2023-01-03	2026-05-01	THIN		2026-05-02	trailing 3yr
LH	835	9	0	0	6.1	9.5	-2.2	2023-01-03	2026-05-01	THIN		2026-05-02	trailing 3yr
LIN	835	4	0	0	3.8	7.1	1.1	2023-01-03	2026-05-01	THIN		2026-05-02	trailing 3yr
GIB	835	4	0	0	6.1	8.7	2.9	2023-01-03	2026-05-01	THIN		2026-05-02	trailing 3yr
GPC	835	7	0	0	3.4	9.6	-2.3	2023-01-03	2026-05-01	THIN		2026-05-02	trailing 3yr
KMB	835	4	0	0	2.6	6	-1.4	2023-01-03	2026-05-01	THIN		2026-05-02	trailing 3yr
INVH	835	3	0	0	5.9	7.5	3.2	2023-01-03	2026-05-01	THIN		2026-05-02	trailing 3yr
ITW	835	3	0	0	2.9	3.7	1.5	2023-01-03	2026-05-01	THIN		2026-05-02	trailing 3yr
REG	835	3	0	0	5.7	9.9	0.6	2023-01-03	2026-05-01	THIN		2026-05-02	trailing 3yr
ROP	835	6	0	0	2.2	6.1	-0.3	2023-01-03	2026-05-01	THIN		2026-05-02	trailing 3yr
CMS	835	3	0	0	6	9	3.3	2023-01-03	2026-05-01	THIN		2026-05-02	trailing 3yr
CPB	835	4	0	0	3.8	6.4	0.6	2023-01-03	2026-05-01	THIN		2026-05-02	trailing 3yr
L	835	4	0	0	6.3	9.6	1.2	2023-01-03	2026-05-01	THIN		2026-05-02	trailing 3yr
CAG	835	5	0	0	1.9	3	0.3	2023-01-03	2026-05-01	THIN		2026-05-02	trailing 3yr
ZBH	835	9	0	0	3.6	5.8	0.4	2023-01-03	2026-05-01	THIN		2026-05-02	trailing 3yr
YUM	835	8	0	0	4.8	9.7	1.7	2023-01-03	2026-05-01	THIN		2026-05-02	trailing 3yr